,Chemical,Concentration_ng_L_Error,Concentration_ng_L_Value,Day,Mass_Load_g_d_Error,Mass_Load_g_d_Value,Month,Population_Normalized_Mass_Lo_1,Population_Normalized_Mass_Load,Sample_Date,Site
0,Oxycodone,5.33,66.98,(1) Mon,0.0,0.05,(05) May,0,16.0,2018-05-14 03:00:00,TP05
1,Oxycodone,1.37,59.28,(2) Tue,0.0,0.04,(05) May,0,14.0,2018-05-15 03:00:00,TP05
2,Oxycodone,12.73,109.41,(3) Wed,0.01,0.07,(05) May,0,26.0,2018-05-16 03:00:00,TP05
3,Oxycodone,0.1,28.1,(4) Thu,0.0,0.02,(05) May,0,6.0,2018-05-17 03:00:00,TP05
4,Oxycodone,5.94,81.24,(5) Fri,0.0,0.05,(05) May,0,17.0,2018-05-18 03:00:00,TP05
5,Oxycodone,2.08,59.84,(6) Sat,0.0,0.02,(05) May,0,8.0,2018-05-19 03:00:00,TP05
6,Oxycodone,1.55,19.27,(7) Sun,0.0,0.01,(05) May,0,2.0,2018-05-20 03:00:00,TP05
7,Noroxycodone,1.63,91.17,(1) Mon,0.0,0.06,(05) May,0,22.0,2018-05-14 03:00:00,TP05
8,Noroxycodone,6.07,81.99,(2) Tue,0.0,0.06,(05) May,0,20.0,2018-05-15 03:00:00,TP05
9,Noroxycodone,5.64,137.93,(3) Wed,0.0,0.09,(05) May,0,32.0,2018-05-16 03:00:00,TP05
10,Noroxycodone,3.0,34.59,(4) Thu,0.0,0.02,(05) May,0,8.0,2018-05-17 03:00:00,TP05
11,Noroxycodone,2.65,96.33,(5) Fri,0.0,0.06,(05) May,0,21.0,2018-05-18 03:00:00,TP05
12,Noroxycodone,1.84,57.87,(6) Sat,0.0,0.02,(05) May,0,7.0,2018-05-19 03:00:00,TP05
13,Noroxycodone,0.93,23.1,(7) Sun,0.0,0.01,(05) May,0,2.0,2018-05-20 03:00:00,TP05
14,Codeine,24.64,166.18,(1) Mon,0.02,0.11,(05) May,0,40.0,2018-05-14 03:00:00,TP05
15,Codeine,26.82,122.64,(2) Tue,0.02,0.08,(05) May,0,30.0,2018-05-15 03:00:00,TP05
16,Codeine,22.63,126.94,(3) Wed,0.01,0.08,(05) May,0,30.0,2018-05-16 03:00:00,TP05
17,Codeine,5.13,27.09,(4) Thu,0.0,0.02,(05) May,0,6.0,2018-05-17 03:00:00,TP05
18,Codeine,17.41,109.42,(5) Fri,0.01,0.07,(05) May,0,23.0,2018-05-18 03:00:00,TP05
19,Codeine,8.72,77.24,(6) Sat,0.0,0.03,(05) May,0,10.0,2018-05-19 03:00:00,TP05
20,Codeine,1.44,46.3,(7) Sun,0.0,0.01,(05) May,0,5.0,2018-05-20 03:00:00,TP05
21,Fentanyl,-9999.99,-9999.99,(1) Mon,-9999.99,-9999.99,(05) May,-10000,-9999.99,2018-05-14 03:00:00,TP05
22,Fentanyl,-9999.99,-9999.99,(2) Tue,-9999.99,-9999.99,(05) May,-10000,-9999.99,2018-05-15 03:00:00,TP05
23,Fentanyl,-9999.99,-9999.99,(3) Wed,-9999.99,-9999.99,(05) May,-10000,-9999.99,2018-05-16 03:00:00,TP05
24,Fentanyl,-9999.99,-9999.99,(4) Thu,-9999.99,-9999.99,(05) May,-10000,-9999.99,2018-05-17 03:00:00,TP05
25,Fentanyl,-9999.99,-9999.99,(5) Fri,-9999.99,-9999.99,(05) May,-10000,-9999.99,2018-05-18 03:00:00,TP05
26,Fentanyl,-9999.99,-9999.99,(6) Sat,-9999.99,-9999.99,(05) May,-10000,-9999.99,2018-05-19 03:00:00,TP05
27,Fentanyl,-9999.99,-9999.99,(7) Sun,-9999.99,-9999.99,(05) May,-10000,-9999.99,2018-05-20 03:00:00,TP05
28,Norfentanyl,1.71,15.4,(1) Mon,0.0,0.01,(05) May,0,4.0,2018-05-14 03:00:00,TP05
29,Norfentanyl,0.03,6.9,(2) Tue,0.0,0.0,(05) May,0,2.0,2018-05-15 03:00:00,TP05
30,Norfentanyl,0.04,15.39,(3) Wed,0.0,0.01,(05) May,0,4.0,2018-05-16 03:00:00,TP05
31,Norfentanyl,-9999.99,-9999.99,(4) Thu,-9999.99,-9999.99,(05) May,-10000,-9999.99,2018-05-17 03:00:00,TP05
32,Norfentanyl,0.48,7.04,(5) Fri,0.0,0.0,(05) May,0,2.0,2018-05-18 03:00:00,TP05
33,Norfentanyl,0.16,7.34,(6) Sat,0.0,0.0,(05) May,0,1.0,2018-05-19 03:00:00,TP05
34,Norfentanyl,0.43,4.48,(7) Sun,0.0,0.0,(05) May,0,0.0,2018-05-20 03:00:00,TP05
35,Heroin,-9999.99,-9999.99,(1) Mon,-9999.99,-9999.99,(05) May,-10000,-9999.99,2018-05-14 03:00:00,TP05
36,Heroin,-9999.99,-9999.99,(2) Tue,-9999.99,-9999.99,(05) May,-10000,-9999.99,2018-05-15 03:00:00,TP05
37,Heroin,-9999.99,-9999.99,(3) Wed,-9999.99,-9999.99,(05) May,-10000,-9999.99,2018-05-16 03:00:00,TP05
38,Heroin,-9999.99,-9999.99,(4) Thu,-9999.99,-9999.99,(05) May,-10000,-9999.99,2018-05-17 03:00:00,TP05
39,Heroin,-9999.99,-9999.99,(5) Fri,-9999.99,-9999.99,(05) May,-10000,-9999.99,2018-05-18 03:00:00,TP05
40,Heroin,0.51,9.99,(6) Sat,0.0,0.0,(05) May,0,1.25,2018-05-19 03:00:00,TP05
41,Heroin,0.04,8.72,(7) Sun,0.0,0.0,(05) May,0,0.94,2018-05-20 03:00:00,TP05
42,6-Acetylmorphine,1.23,26.98,(1) Mon,0.0,0.02,(05) May,0,6.0,2018-05-14 03:00:00,TP05
43,6-Acetylmorphine,0.1,4.1,(2) Tue,0.0,0.0,(05) May,0,1.0,2018-05-15 03:00:00,TP05
44,6-Acetylmorphine,0.28,6.73,(3) Wed,0.0,0.0,(05) May,0,2.0,2018-05-16 03:00:00,TP05
45,6-Acetylmorphine,0.45,4.3,(4) Thu,0.0,0.0,(05) May,0,1.0,2018-05-17 03:00:00,TP05
46,6-Acetylmorphine,0.18,7.14,(5) Fri,0.0,0.0,(05) May,0,2.0,2018-05-18 03:00:00,TP05
47,6-Acetylmorphine,2.14,53.13,(6) Sat,0.0,0.02,(05) May,0,7.0,2018-05-19 03:00:00,TP05
48,6-Acetylmorphine,1.47,31.73,(7) Sun,0.0,0.01,(05) May,0,3.0,2018-05-20 03:00:00,TP05
49,Oxycodone,2.45,101.73,(1) Mon,0.0,0.07,(07) July,0,24.69,2018-07-23 03:00:00,TP05
50,Oxycodone,4.06,72.11,(2) Tue,0.0,0.05,(07) July,0,17.14,2018-07-24 03:00:00,TP05
51,Oxycodone,1.58,105.7,(3) Wed,0.0,0.07,(07) July,0,25.95,2018-07-25 03:00:00,TP05
52,Oxycodone,1.35,85.46,(4) Thu,0.0,0.06,(07) July,0,21.34,2018-07-26 03:00:00,TP05
53,Oxycodone,11.08,125.92,(5) Fri,0.01,0.08,(07) July,0,29.14,2018-07-27 03:00:00,TP05
54,Oxycodone,2.56,79.28,(6) Sat,0.0,0.03,(07) July,0,12.3,2018-07-28 03:00:00,TP05
55,Oxycodone,0.18,59.24,(7) Sun,0.0,0.02,(07) July,0,8.05,2018-07-29 03:00:00,TP05
56,Noroxycodone,4.96,160.4,(1) Mon,0.0,0.11,(07) July,0,38.93,2018-07-30 03:00:00,TP05
57,Noroxycodone,10.72,109.02,(2) Tue,0.01,0.07,(07) July,0,25.91,2018-07-23 03:00:00,TP05
58,Noroxycodone,2.7,115.34,(3) Wed,0.0,0.08,(07) July,0,28.32,2018-07-24 03:00:00,TP05
59,Noroxycodone,3.79,106.6,(4) Thu,0.0,0.07,(07) July,0,26.62,2018-07-25 03:00:00,TP05
60,Noroxycodone,24.09,149.28,(5) Fri,0.02,0.1,(07) July,0,34.55,2018-07-26 03:00:00,TP05
61,Noroxycodone,5.19,88.77,(6) Sat,0.0,0.04,(07) July,0,13.78,2018-07-27 03:00:00,TP05
62,Noroxycodone,1.25,104.99,(7) Sun,0.0,0.04,(07) July,0,14.26,2018-07-28 03:00:00,TP05
63,Codeine,22.83,149.44,(1) Mon,0.02,0.1,(07) July,0,36.27,2018-07-29 03:00:00,TP05
64,Codeine,16.04,288.38,(2) Tue,0.01,0.19,(07) July,0,68.53,2018-07-30 03:00:00,TP05
65,Codeine,2.78,229.59,(3) Wed,0.0,0.16,(07) July,0,56.37,2018-07-23 03:00:00,TP05
66,Codeine,3.06,123.22,(4) Thu,0.0,0.09,(07) July,0,30.77,2018-07-24 03:00:00,TP05
67,Codeine,22.45,223.2,(5) Fri,0.01,0.15,(07) July,0,51.65,2018-07-25 03:00:00,TP05
68,Codeine,13.7,84.66,(6) Sat,0.01,0.04,(07) July,0,13.14,2018-07-26 03:00:00,TP05
69,Codeine,12.04,73.08,(7) Sun,0.0,0.03,(07) July,0,9.93,2018-07-27 03:00:00,TP05
70,Fentanyl,-9999.99,-9999.99,(1) Mon,-9999.99,-9999.99,(07) July,-10000,-9999.99,2018-07-28 03:00:00,TP05
71,Fentanyl,-9999.99,-9999.99,(2) Tue,-9999.99,-9999.99,(07) July,-10000,-9999.99,2018-07-29 03:00:00,TP05
72,Fentanyl,-9999.99,-9999.99,(3) Wed,-9999.99,-9999.99,(07) July,-10000,-9999.99,2018-07-30 03:00:00,TP05
73,Fentanyl,-9999.99,-9999.99,(4) Thu,-9999.99,-9999.99,(07) July,-10000,-9999.99,2018-07-23 03:00:00,TP05
74,Fentanyl,-9999.99,-9999.99,(5) Fri,-9999.99,-9999.99,(07) July,-10000,-9999.99,2018-07-24 03:00:00,TP05
75,Fentanyl,-9999.99,-9999.99,(6) Sat,-9999.99,-9999.99,(07) July,-10000,-9999.99,2018-07-25 03:00:00,TP05
76,Fentanyl,-9999.99,-9999.99,(7) Sun,-9999.99,-9999.99,(07) July,-10000,-9999.99,2018-07-26 03:00:00,TP05
77,Norfentanyl,0.59,3.12,(1) Mon,0.0,0.0,(07) July,0,0.76,2018-07-27 03:00:00,TP05
78,Norfentanyl,0.19,2.35,(2) Tue,0.0,0.0,(07) July,0,0.56,2018-07-28 03:00:00,TP05
79,Norfentanyl,0.03,3.14,(3) Wed,0.0,0.0,(07) July,0,0.77,2018-07-29 03:00:00,TP05
80,Norfentanyl,1.0,3.35,(4) Thu,0.0,0.0,(07) July,0,0.84,2018-07-30 03:00:00,TP05
81,Norfentanyl,0.43,2.96,(5) Fri,0.0,0.0,(07) July,0,0.69,2018-07-23 03:00:00,TP05
82,Norfentanyl,1.34,15.87,(6) Sat,0.0,0.01,(07) July,0,2.46,2018-07-24 03:00:00,TP05
83,Norfentanyl,0.02,1.57,(7) Sun,0.0,0.0,(07) July,0,0.21,2018-07-25 03:00:00,TP05
84,Heroin,-9999.99,-9999.99,(1) Mon,-9999.99,-9999.99,(07) July,-10000,-9999.99,2018-07-26 03:00:00,TP05
85,Heroin,-9999.99,-9999.99,(2) Tue,-9999.99,-9999.99,(07) July,-10000,-9999.99,2018-07-27 03:00:00,TP05
86,Heroin,-9999.99,-9999.99,(3) Wed,-9999.99,-9999.99,(07) July,-10000,-9999.99,2018-07-28 03:00:00,TP05
87,Heroin,-9999.99,-9999.99,(4) Thu,-9999.99,-9999.99,(07) July,-10000,-9999.99,2018-07-29 03:00:00,TP05
88,Heroin,-9999.99,-9999.99,(5) Fri,-9999.99,-9999.99,(07) July,-10000,-9999.99,2018-07-30 03:00:00,TP05
89,Heroin,-9999.99,-9999.99,(6) Sat,-9999.99,-9999.99,(07) July,-10000,-9999.99,2018-07-23 03:00:00,TP05
90,Heroin,-9999.99,-9999.99,(7) Sun,-9999.99,-9999.99,(07) July,-10000,-9999.99,2018-07-24 03:00:00,TP05
91,6-Acetylmorphine,-9999.99,-9999.99,(1) Mon,-9999.99,-9999.99,(07) July,-10000,-9999.99,2018-07-25 03:00:00,TP05
92,6-Acetylmorphine,-9999.99,-9999.99,(2) Tue,-9999.99,-9999.99,(07) July,-10000,-9999.99,2018-07-26 03:00:00,TP05
93,6-Acetylmorphine,1.5,17.1,(3) Wed,0.0,0.01,(07) July,0,4.2,2018-07-27 03:00:00,TP05
94,6-Acetylmorphine,0.69,13.48,(4) Thu,0.0,0.01,(07) July,0,3.37,2018-07-28 03:00:00,TP05
95,6-Acetylmorphine,3.26,22.38,(5) Fri,0.0,0.01,(07) July,0,5.18,2018-07-29 03:00:00,TP05
96,6-Acetylmorphine,0.93,14.11,(6) Sat,0.0,0.01,(07) July,0,2.19,2018-07-30 03:00:00,TP05
97,6-Acetylmorphine,-9999.99,-9999.99,(7) Sun,-9999.99,-9999.99,(07) July,-10000,-9999.99,2018-07-23 03:00:00,TP05
98,Oxycodone,6.88,138.01,(1) Mon,0.01,0.1,(08) August,0,36.87,2018-08-20 03:00:00,TP05
99,Oxycodone,5.17,96.38,(2) Tue,0.0,0.07,(08) August,0,26.38,2018-08-21 03:00:00,TP05
100,Oxycodone,3.62,83.21,(3) Wed,0.0,0.07,(08) August,0,24.42,2018-08-22 03:00:00,TP05
101,Oxycodone,1.56,25.81,(4) Thu,0.0,0.02,(08) August,0,7.63,2018-08-23 03:00:00,TP05
102,Oxycodone,0.95,58.7,(5) Fri,0.0,0.04,(08) August,0,15.76,2018-08-24 03:00:00,TP05
103,Oxycodone,0.37,140.2,(6) Sat,0.0,0.06,(08) August,0,21.72,2018-08-25 03:00:00,TP05
104,Oxycodone,1.08,61.31,(7) Sun,0.0,0.03,(08) August,0,9.08,2018-08-27 03:00:00,TP05
105,Noroxycodone,0.12,155.53,(1) Mon,0.0,0.12,(08) August,0,41.55,2018-08-20 03:00:00,TP05
106,Noroxycodone,1.89,133.42,(2) Tue,0.0,0.1,(08) August,0,36.52,2018-08-21 03:00:00,TP05
107,Noroxycodone,8.72,115.81,(3) Wed,0.01,0.1,(08) August,0,33.99,2018-08-22 03:00:00,TP05
108,Noroxycodone,1.9,30.31,(4) Thu,0.0,0.03,(08) August,0,8.96,2018-08-23 03:00:00,TP05
109,Noroxycodone,7.3,104.96,(5) Fri,0.01,0.08,(08) August,0,28.18,2018-08-24 03:00:00,TP05
110,Noroxycodone,6.76,263.24,(6) Sat,0.0,0.11,(08) August,0,40.78,2018-08-25 03:00:00,TP05
111,Noroxycodone,14.51,146.52,(7) Sun,0.01,0.06,(08) August,0,21.71,2018-08-27 03:00:00,TP05
112,Codeine,14.06,120.65,(1) Mon,0.01,0.09,(08) August,0,32.24,2018-08-20 03:00:00,TP05
113,Codeine,6.41,80.15,(2) Tue,0.0,0.06,(08) August,0,21.94,2018-08-21 03:00:00,TP05
114,Codeine,1.5,113.68,(3) Wed,0.0,0.09,(08) August,0,33.36,2018-08-22 03:00:00,TP05
115,Codeine,6.41,40.57,(4) Thu,0.01,0.03,(08) August,0,12.0,2018-08-23 03:00:00,TP05
116,Codeine,36.83,135.34,(5) Fri,0.03,0.1,(08) August,0,36.34,2018-08-24 03:00:00,TP05
117,Codeine,1.09,64.29,(6) Sat,0.0,0.03,(08) August,0,9.96,2018-08-25 03:00:00,TP05
118,Codeine,6.85,95.97,(7) Sun,0.0,0.04,(08) August,0,14.22,2018-08-27 03:00:00,TP05
119,Fentanyl,-9999.99,-9999.99,(1) Mon,-9999.99,-9999.99,(08) August,-10000,-9999.99,2018-08-20 03:00:00,TP05
120,Fentanyl,-9999.99,-9999.99,(2) Tue,-9999.99,-9999.99,(08) August,-10000,-9999.99,2018-08-21 03:00:00,TP05
121,Fentanyl,-9999.99,-9999.99,(3) Wed,-9999.99,-9999.99,(08) August,-10000,-9999.99,2018-08-22 03:00:00,TP05
122,Fentanyl,-9999.99,-9999.99,(4) Thu,-9999.99,-9999.99,(08) August,-10000,-9999.99,2018-08-23 03:00:00,TP05
123,Fentanyl,0.07,3.46,(5) Fri,0.0,0.0,(08) August,0,0.93,2018-08-24 03:00:00,TP05
124,Fentanyl,0.0,2.42,(6) Sat,0.0,0.0,(08) August,0,0.38,2018-08-25 03:00:00,TP05
125,Fentanyl,0.18,2.59,(7) Sun,0.0,0.0,(08) August,0,0.38,2018-08-27 03:00:00,TP05
126,Norfentanyl,0.98,6.63,(1) Mon,0.0,0.0,(08) August,0,1.77,2018-08-20 03:00:00,TP05
127,Norfentanyl,0.98,6.53,(2) Tue,0.0,0.01,(08) August,0,1.79,2018-08-21 03:00:00,TP05
128,Norfentanyl,1.53,7.17,(3) Wed,0.0,0.01,(08) August,0,2.1,2018-08-22 03:00:00,TP05
129,Norfentanyl,-9999.99,-9999.99,(4) Thu,-9999.99,-9999.99,(08) August,-10000,-9999.99,2018-08-23 03:00:00,TP05
130,Norfentanyl,0.93,6.9,(5) Fri,0.0,0.01,(08) August,0,1.85,2018-08-24 03:00:00,TP05
131,Norfentanyl,0.37,3.74,(6) Sat,0.0,0.0,(08) August,0,0.58,2018-08-25 03:00:00,TP05
132,Norfentanyl,0.22,4.68,(7) Sun,0.0,0.0,(08) August,0,0.69,2018-08-27 03:00:00,TP05
133,Heroin,-9999.99,-9999.99,(1) Mon,-9999.99,-9999.99,(08) August,-10000,-9999.99,2018-08-20 03:00:00,TP05
134,Heroin,-9999.99,-9999.99,(2) Tue,-9999.99,-9999.99,(08) August,-10000,-9999.99,2018-08-21 03:00:00,TP05
135,Heroin,-9999.99,-9999.99,(3) Wed,-9999.99,-9999.99,(08) August,-10000,-9999.99,2018-08-22 03:00:00,TP05
136,Heroin,-9999.99,-9999.99,(4) Thu,-9999.99,-9999.99,(08) August,-10000,-9999.99,2018-08-23 03:00:00,TP05
137,Heroin,-9999.99,-9999.99,(5) Fri,-9999.99,-9999.99,(08) August,-10000,-9999.99,2018-08-24 03:00:00,TP05
138,Heroin,-9999.99,-9999.99,(6) Sat,-9999.99,-9999.99,(08) August,-10000,-9999.99,2018-08-25 03:00:00,TP05
139,Heroin,-9999.99,-9999.99,(7) Sun,-9999.99,-9999.99,(08) August,-10000,-9999.99,2018-08-27 03:00:00,TP05
140,6-Acetylmorphine,-9999.99,-9999.99,(1) Mon,-9999.99,-9999.99,(08) August,-10000,-9999.99,2018-08-20 03:00:00,TP05
141,6-Acetylmorphine,0.35,5.04,(2) Tue,0.0,0.0,(08) August,0,1.38,2018-08-21 03:00:00,TP05
142,6-Acetylmorphine,1.01,8.32,(3) Wed,0.0,0.01,(08) August,0,2.44,2018-08-22 03:00:00,TP05
143,6-Acetylmorphine,-9999.99,-9999.99,(4) Thu,-9999.99,-9999.99,(08) August,-10000,-9999.99,2018-08-23 03:00:00,TP05
144,6-Acetylmorphine,0.18,10.24,(5) Fri,0.0,0.01,(08) August,0,2.75,2018-08-24 03:00:00,TP05
145,6-Acetylmorphine,-9999.99,-9999.99,(6) Sat,-9999.99,-9999.99,(08) August,-10000,-9999.99,2018-08-25 03:00:00,TP05
146,6-Acetylmorphine,0.63,8.09,(7) Sun,0.0,0.0,(08) August,0,1.2,2018-08-27 03:00:00,TP05
147,Oxycodone,0.12,124.0,(1) Mon,0.0,0.09,(09) September,0,33.14,2018-09-10 03:00:00,TP05
148,Oxycodone,0.24,85.74,(2) Tue,0.0,0.06,(09) September,0,21.16,2018-09-11 03:00:00,TP05
149,Oxycodone,6.31,71.95,(3) Wed,0.0,0.05,(09) September,0,19.06,2018-09-12 03:00:00,TP05
150,Oxycodone,1.42,103.28,(4) Thu,0.0,0.08,(09) September,0,27.8,2018-09-13 03:00:00,TP05
151,Oxycodone,1.62,104.33,(5) Fri,0.0,0.07,(09) September,0,25.65,2018-09-14 03:00:00,TP05
152,Oxycodone,1.41,54.39,(6) Sat,0.0,0.02,(09) September,0,8.72,2018-09-15 03:00:00,TP05
153,Oxycodone,17.06,58.23,(7) Sun,0.01,0.02,(09) September,0,8.68,2018-09-16 03:00:00,TP05
154,Noroxycodone,9.74,161.11,(1) Mon,0.01,0.12,(09) September,0,43.06,2018-09-10 03:00:00,TP05
155,Noroxycodone,0.58,116.41,(2) Tue,0.0,0.08,(09) September,0,28.74,2018-09-11 03:00:00,TP05
156,Noroxycodone,0.96,99.78,(3) Wed,0.0,0.07,(09) September,0,26.43,2018-09-12 03:00:00,TP05
157,Noroxycodone,17.41,153.9,(4) Thu,0.01,0.12,(09) September,0,41.42,2018-09-13 03:00:00,TP05
158,Noroxycodone,24.16,166.29,(5) Fri,0.02,0.11,(09) September,0,40.88,2018-09-14 03:00:00,TP05
159,Noroxycodone,11.56,93.31,(6) Sat,0.01,0.04,(09) September,0,14.96,2018-09-15 03:00:00,TP05
160,Noroxycodone,28.37,67.37,(7) Sun,0.01,0.03,(09) September,0,10.04,2018-09-16 03:00:00,TP05
161,Codeine,46.07,242.41,(1) Mon,0.03,0.18,(09) September,0,64.78,2018-09-10 03:00:00,TP05
162,Codeine,27.44,207.62,(2) Tue,0.02,0.14,(09) September,7,51.25,2018-09-11 03:00:00,TP05
163,Codeine,31.83,245.23,(3) Wed,0.02,0.18,(09) September,0,64.97,2018-09-12 03:00:00,TP05
164,Codeine,41.75,492.23,(4) Thu,0.03,0.37,(09) September,0,132.48,2018-09-13 03:00:00,TP05
165,Codeine,12.39,405.37,(5) Fri,0.01,0.28,(09) September,0,99.66,2018-09-14 03:00:00,TP05
166,Codeine,19.0,85.97,(6) Sat,0.01,0.04,(09) September,0,13.78,2018-09-15 03:00:00,TP05
167,Codeine,8.27,112.34,(7) Sun,0.0,0.05,(09) September,0,16.74,2018-09-16 03:00:00,TP05
168,Fentanyl,-9999.99,-9999.99,(1) Mon,-9999.99,-9999.99,(09) September,-10000,-9999.99,2018-09-10 03:00:00,TP05
169,Fentanyl,0.28,5.91,(2) Tue,0.0,0.0,(09) September,0,1.46,2018-09-11 03:00:00,TP05
170,Fentanyl,-9999.99,-9999.99,(3) Wed,-9999.99,-9999.99,(09) September,-10000,-9999.99,2018-09-12 03:00:00,TP05
171,Fentanyl,-9999.99,-9999.99,(4) Thu,-9999.99,-9999.99,(09) September,-10000,-9999.99,2018-09-13 03:00:00,TP05
172,Fentanyl,-9999.99,-9999.99,(5) Fri,-9999.99,-9999.99,(09) September,-10000,-9999.99,2018-09-14 03:00:00,TP05
173,Fentanyl,-9999.99,-9999.99,(6) Sat,-9999.99,-9999.99,(09) September,-10000,-9999.99,2018-09-15 03:00:00,TP05
174,Fentanyl,-9999.99,-9999.99,(7) Sun,-9999.99,-9999.99,(09) September,-10000,-9999.99,2018-09-16 03:00:00,TP05
175,Norfentanyl,0.5,14.85,(1) Mon,0.0,0.01,(09) September,0,3.97,2018-09-10 03:00:00,TP05
176,Norfentanyl,0.28,5.79,(2) Tue,0.0,0.0,(09) September,0,1.43,2018-09-11 03:00:00,TP05
177,Norfentanyl,0.77,5.62,(3) Wed,0.0,0.0,(09) September,0,1.49,2018-09-12 03:00:00,TP05
178,Norfentanyl,0.4,13.18,(4) Thu,0.0,0.01,(09) September,0,3.55,2018-09-13 03:00:00,TP05
179,Norfentanyl,1.25,12.21,(5) Fri,0.0,0.01,(09) September,0,3.0,2018-09-14 03:00:00,TP05
180,Norfentanyl,0.33,10.07,(6) Sat,0.0,0.0,(09) September,0,1.61,2018-09-15 03:00:00,TP05
181,Norfentanyl,7.61,12.39,(7) Sun,0.0,0.01,(09) September,0,1.85,2018-09-16 03:00:00,TP05
182,Heroin,0.5,9.83,(1) Mon,0.0,0.01,(09) September,0,2.63,2018-09-10 03:00:00,TP05
183,Heroin,-9999.99,-9999.99,(2) Tue,-9999.99,-9999.99,(09) September,-10000,-9999.99,2018-09-11 03:00:00,TP05
184,Heroin,-9999.99,-9999.99,(3) Wed,-9999.99,-9999.99,(09) September,-10000,-9999.99,2018-09-12 03:00:00,TP05
185,Heroin,-9999.99,-9999.99,(4) Thu,-9999.99,-9999.99,(09) September,-10000,-9999.99,2018-09-13 03:00:00,TP05
186,Heroin,-9999.99,-9999.99,(5) Fri,-9999.99,-9999.99,(09) September,-10000,-9999.99,2018-09-14 03:00:00,TP05
187,Heroin,-9999.99,-9999.99,(6) Sat,-9999.99,-9999.99,(09) September,-10000,-9999.99,2018-09-15 03:00:00,TP05
188,Heroin,-9999.99,-9999.99,(7) Sun,-9999.99,-9999.99,(09) September,-10000,-9999.99,2018-09-16 03:00:00,TP05
189,6-Acetylmorphine,-9999.99,-9999.99,(1) Mon,-9999.99,-9999.99,(09) September,-10000,-9999.99,2018-09-10 03:00:00,TP05
190,6-Acetylmorphine,0.28,2.74,(2) Tue,0.0,0.0,(09) September,0,0.68,2018-09-11 03:00:00,TP05
191,6-Acetylmorphine,16.33,32.32,(3) Wed,0.01,0.02,(09) September,0,8.56,2018-09-12 03:00:00,TP05
192,6-Acetylmorphine,-9999.99,-9999.99,(4) Thu,-9999.99,-9999.99,(09) September,-10000,-9999.99,2018-09-13 03:00:00,TP05
193,6-Acetylmorphine,-9999.99,-9999.99,(5) Fri,-9999.99,-9999.99,(09) September,-10000,-9999.99,2018-09-14 03:00:00,TP05
194,6-Acetylmorphine,-9999.99,-9999.99,(6) Sat,-9999.99,-9999.99,(09) September,-10000,-9999.99,2018-09-15 03:00:00,TP05
195,6-Acetylmorphine,44.03,53.09,(7) Sun,0.0,0.02,(09) September,0,7.91,2018-09-16 03:00:00,TP05
196,Oxycodone,2.07,84.26,(1) Mon,0.0,0.06,(10) October,0,20.43,2018-10-01 03:00:00,TP05
197,Oxycodone,0.09,37.99,(2) Tue,0.0,0.1,(10) October,0,34.86,2018-10-02 03:00:00,TP05
198,Oxycodone,8.27,74.27,(3) Wed,0.01,0.09,(10) October,0,30.83,2018-10-03 03:00:00,TP05
199,Oxycodone,1.34,56.84,(4) Thu,0.0,0.05,(10) October,0,16.94,2018-10-04 03:00:00,TP05
200,Oxycodone,3.7,116.58,(5) Fri,0.0,0.09,(10) October,0,32.84,2018-10-05 03:00:00,TP05
201,Oxycodone,4.04,222.12,(6) Sat,0.0,0.11,(10) October,0,39.42,2018-10-06 03:00:00,TP05
202,Oxycodone,3.34,136.0,(7) Sun,0.0,0.06,(10) October,0,21.97,2018-10-07 03:00:00,TP05
203,Noroxycodone,9.97,101.3,(1) Mon,0.01,0.07,(10) October,0,24.56,2018-10-01 03:00:00,TP05
204,Noroxycodone,1.56,43.97,(2) Tue,0.0,0.11,(10) October,0,40.36,2018-10-02 03:00:00,TP05
205,Noroxycodone,2.7,81.29,(3) Wed,0.0,0.09,(10) October,0,33.74,2018-10-03 03:00:00,TP05
206,Noroxycodone,2.3,81.72,(4) Thu,0.0,0.07,(10) October,0,24.35,2018-10-04 03:00:00,TP05
207,Noroxycodone,6.84,158.94,(5) Fri,0.01,0.13,(10) October,0,44.77,2018-10-05 03:00:00,TP05
208,Noroxycodone,11.79,328.87,(6) Sat,0.01,0.16,(10) October,0,58.36,2018-10-06 03:00:00,TP05
209,Noroxycodone,9.95,203.3,(7) Sun,0.0,0.09,(10) October,0,32.83,2018-10-07 03:00:00,TP05
210,Codeine,0.04,128.08,(1) Mon,0.0,0.09,(10) October,0,31.05,2018-10-01 03:00:00,TP05
211,Codeine,3.1,50.87,(2) Tue,0.01,0.13,(10) October,0,46.69,2018-10-02 03:00:00,TP05
212,Codeine,28.92,98.43,(3) Wed,0.03,0.11,(10) October,0,40.86,2018-10-03 03:00:00,TP05
213,Codeine,23.52,153.49,(4) Thu,0.02,0.13,(10) October,0,45.74,2018-10-04 03:00:00,TP05
214,Codeine,5.26,103.59,(5) Fri,0.0,0.08,(10) October,0,29.18,2018-10-05 03:00:00,TP05
215,Codeine,0.53,71.39,(6) Sat,0.0,0.04,(10) October,0,12.67,2018-10-06 03:00:00,TP05
216,Codeine,17.43,165.68,(7) Sun,0.01,0.08,(10) October,0,26.76,2018-10-07 03:00:00,TP05
217,Fentanyl,-9999.99,-9999.99,(1) Mon,-9999.99,-9999.99,(10) October,-10000,-9999.99,2018-10-01 03:00:00,TP05
218,Fentanyl,-9999.99,-9999.99,(2) Tue,-9999.99,-9999.99,(10) October,-10000,-9999.99,2018-10-02 03:00:00,TP05
219,Fentanyl,-9999.99,-9999.99,(3) Wed,-9999.99,-9999.99,(10) October,-10000,-9999.99,2018-10-03 03:00:00,TP05
220,Fentanyl,-9999.99,-9999.99,(4) Thu,-9999.99,-9999.99,(10) October,-10000,-9999.99,2018-10-04 03:00:00,TP05
221,Fentanyl,0.27,5.02,(5) Fri,0.0,0.0,(10) October,0,1.41,2018-10-05 03:00:00,TP05
222,Fentanyl,0.19,3.86,(6) Sat,0.0,0.0,(10) October,0,0.68,2018-10-06 03:00:00,TP05
223,Fentanyl,-9999.99,-9999.99,(7) Sun,-9999.99,-9999.99,(10) October,-10000,-9999.99,2018-10-07 03:00:00,TP05
224,Norfentanyl,3.05,26.9,(1) Mon,0.0,0.02,(10) October,0,6.52,2018-10-01 03:00:00,TP05
225,Norfentanyl,1.24,8.89,(2) Tue,0.0,0.02,(10) October,0,8.16,2018-10-02 03:00:00,TP05
226,Norfentanyl,2.61,40.07,(3) Wed,0.0,0.05,(10) October,0,16.63,2018-10-03 03:00:00,TP05
227,Norfentanyl,3.0,27.72,(4) Thu,0.0,0.02,(10) October,0,8.26,2018-10-04 03:00:00,TP05
228,Norfentanyl,0.86,16.42,(5) Fri,0.0,0.01,(10) October,0,4.62,2018-10-05 03:00:00,TP05
229,Norfentanyl,1.02,15.13,(6) Sat,0.0,0.01,(10) October,0,2.69,2018-10-06 03:00:00,TP05
230,Norfentanyl,0.16,5.09,(7) Sun,0.0,0.0,(10) October,0,0.82,2018-10-07 03:00:00,TP05
231,Heroin,-9999.99,-9999.99,(1) Mon,-9999.99,-9999.99,(10) October,-10000,-9999.99,2018-10-01 03:00:00,TP05
232,Heroin,-9999.99,-9999.99,(2) Tue,-9999.99,-9999.99,(10) October,-10000,-9999.99,2018-10-02 03:00:00,TP05
233,Heroin,-9999.99,-9999.99,(3) Wed,-9999.99,-9999.99,(10) October,-10000,-9999.99,2018-10-03 03:00:00,TP05
234,Heroin,-9999.99,-9999.99,(4) Thu,-9999.99,-9999.99,(10) October,-10000,-9999.99,2018-10-04 03:00:00,TP05
235,Heroin,-9999.99,-9999.99,(5) Fri,-9999.99,-9999.99,(10) October,-10000,-9999.99,2018-10-05 03:00:00,TP05
236,Heroin,-9999.99,-9999.99,(6) Sat,-9999.99,-9999.99,(10) October,-10000,-9999.99,2018-10-06 03:00:00,TP05
237,Heroin,-9999.99,-9999.99,(7) Sun,-9999.99,-9999.99,(10) October,-10000,-9999.99,2018-10-07 03:00:00,TP05
238,6-Acetylmorphine,0.73,10.41,(1) Mon,0.0,0.01,(10) October,0,2.52,2018-10-01 03:00:00,TP05
239,6-Acetylmorphine,0.19,9.09,(2) Tue,0.0,0.02,(10) October,0,8.34,2018-10-02 03:00:00,TP05
240,6-Acetylmorphine,0.81,11.6,(3) Wed,0.0,0.01,(10) October,0,4.82,2018-10-03 03:00:00,TP05
241,6-Acetylmorphine,1.52,9.18,(4) Thu,0.0,0.01,(10) October,0,2.74,2018-10-04 03:00:00,TP05
242,6-Acetylmorphine,0.71,14.3,(5) Fri,0.0,0.01,(10) October,0,4.03,2018-10-05 03:00:00,TP05
243,6-Acetylmorphine,0.6,8.21,(6) Sat,0.0,0.0,(10) October,0,1.46,2018-10-06 03:00:00,TP05
244,6-Acetylmorphine,0.92,5.95,(7) Sun,0.0,0.0,(10) October,0,0.96,2018-10-07 03:00:00,TP05
245,Oxycodone,5.26,139.11,(1) Mon,0.0,0.08,(11) November,1,29.74,2018-11-13 02:00:00,TP05
246,Oxycodone,0.64,150.55,(2) Tue,0.0,0.09,(11) November,0,31.79,2018-11-14 02:00:00,TP05
247,Oxycodone,1.69,163.06,(3) Wed,0.0,0.1,(11) November,0,36.03,2018-11-15 02:00:00,TP05
248,Oxycodone,3.52,187.12,(4) Thu,0.0,0.1,(11) November,1,36.35,2018-11-16 02:00:00,TP05
249,Oxycodone,5.15,106.62,(5) Fri,0.0,0.03,(11) November,1,10.94,2018-11-17 02:00:00,TP05
250,Oxycodone,10.99,531.21,(6) Sat,0.0,0.14,(11) November,1,49.38,2018-11-18 02:00:00,TP05
251,Oxycodone,1.15,141.36,(7) Sun,0.0,0.08,(11) November,0,28.41,2018-11-19 02:00:00,TP05
252,Noroxycodone,6.23,175.75,(1) Mon,0.0,0.11,(11) November,1,37.57,2018-11-13 02:00:00,TP05
253,Noroxycodone,0.43,180.48,(2) Tue,0.0,0.11,(11) November,0,38.11,2018-11-14 02:00:00,TP05
254,Noroxycodone,7.54,184.35,(3) Wed,0.0,0.11,(11) November,2,40.73,2018-11-15 02:00:00,TP05
255,Noroxycodone,3.63,231.24,(4) Thu,0.0,0.13,(11) November,1,44.93,2018-11-16 02:00:00,TP05
256,Noroxycodone,7.29,129.42,(5) Fri,0.0,0.04,(11) November,1,13.28,2018-11-17 02:00:00,TP05
257,Noroxycodone,5.07,804.37,(6) Sat,0.0,0.21,(11) November,0,74.77,2018-11-18 02:00:00,TP05
258,Noroxycodone,4.34,175.94,(7) Sun,0.0,0.1,(11) November,1,35.35,2018-11-19 02:00:00,TP05
259,Codeine,0.0,184.95,(1) Mon,0.06,0.06,(11) November,0,39.53,2018-11-13 02:00:00,TP05
260,Codeine,1.34,99.19,(2) Tue,0.0,0.06,(11) November,0,20.95,2018-11-14 02:00:00,TP05
261,Codeine,4.49,272.68,(3) Wed,0.0,0.17,(11) November,1,60.25,2018-11-15 02:00:00,TP05
262,Codeine,18.07,202.09,(4) Thu,0.01,0.11,(11) November,4,39.26,2018-11-16 02:00:00,TP05
263,Codeine,3.97,126.69,(5) Fri,0.0,0.04,(11) November,0,13.0,2018-11-17 02:00:00,TP05
264,Codeine,11.18,166.86,(6) Sat,0.0,0.04,(11) November,1,15.51,2018-11-18 02:00:00,TP05
265,Codeine,4.91,205.92,(7) Sun,0.0,0.12,(11) November,1,41.38,2018-11-19 02:00:00,TP05
266,Fentanyl,0.19,5.17,(1) Mon,0.0,0.0,(11) November,0,1.1,2018-11-13 02:00:00,TP05
267,Fentanyl,0.13,1.8,(2) Tue,0.0,0.0,(11) November,0,0.38,2018-11-14 02:00:00,TP05
268,Fentanyl,0.03,5.45,(3) Wed,0.0,0.0,(11) November,0,1.2,2018-11-15 02:00:00,TP05
269,Fentanyl,0.1,4.48,(4) Thu,0.0,0.0,(11) November,0,0.87,2018-11-16 02:00:00,TP05
270,Fentanyl,0.52,3.43,(5) Fri,0.0,0.0,(11) November,0,0.35,2018-11-17 02:00:00,TP05
271,Fentanyl,0.03,1.64,(6) Sat,0.0,0.0,(11) November,0,0.15,2018-11-18 02:00:00,TP05
272,Fentanyl,0.17,2.8,(7) Sun,0.0,0.0,(11) November,0,0.56,2018-11-19 02:00:00,TP05
273,Norfentanyl,0.59,19.38,(1) Mon,0.0,0.01,(11) November,0,4.14,2018-11-13 02:00:00,TP05
274,Norfentanyl,0.36,6.44,(2) Tue,0.0,0.0,(11) November,0,1.36,2018-11-14 02:00:00,TP05
275,Norfentanyl,1.14,11.8,(3) Wed,0.0,0.01,(11) November,0,2.61,2018-11-15 02:00:00,TP05
276,Norfentanyl,0.07,5.99,(4) Thu,0.0,0.0,(11) November,0,1.16,2018-11-16 02:00:00,TP05
277,Norfentanyl,0.21,7.99,(5) Fri,0.0,0.0,(11) November,0,0.82,2018-11-17 02:00:00,TP05
278,Norfentanyl,0.1,3.26,(6) Sat,0.0,0.0,(11) November,0,0.3,2018-11-18 02:00:00,TP05
279,Norfentanyl,0.2,12.49,(7) Sun,0.0,0.01,(11) November,0,2.51,2018-11-19 02:00:00,TP05
280,Heroin,-9999.99,-9999.99,(1) Mon,-9999.99,-9999.99,(11) November,-10000,-9999.99,2018-11-13 02:00:00,TP05
281,Heroin,-9999.99,-9999.99,(2) Tue,-9999.99,-9999.99,(11) November,-10000,-9999.99,2018-11-14 02:00:00,TP05
282,Heroin,-9999.99,-9999.99,(3) Wed,-9999.99,-9999.99,(11) November,-10000,-9999.99,2018-11-15 02:00:00,TP05
283,Heroin,-9999.99,-9999.99,(4) Thu,-9999.99,-9999.99,(11) November,-10000,-9999.99,2018-11-16 02:00:00,TP05
284,Heroin,-9999.99,-9999.99,(5) Fri,-9999.99,-9999.99,(11) November,-10000,-9999.99,2018-11-17 02:00:00,TP05
285,Heroin,-9999.99,-9999.99,(6) Sat,-9999.99,-9999.99,(11) November,-10000,-9999.99,2018-11-18 02:00:00,TP05
286,Heroin,-9999.99,-9999.99,(7) Sun,-9999.99,-9999.99,(11) November,-10000,-9999.99,2018-11-19 02:00:00,TP05
287,6-Acetylmorphine,-9999.99,-9999.99,(1) Mon,-9999.99,-9999.99,(11) November,-10000,-9999.99,2018-11-13 02:00:00,TP05
288,6-Acetylmorphine,-9999.99,-9999.99,(2) Tue,-9999.99,-9999.99,(11) November,-10000,-9999.99,2018-11-14 02:00:00,TP05
289,6-Acetylmorphine,0.35,9.42,(3) Wed,0.0,0.01,(11) November,0,2.08,2018-11-15 02:00:00,TP05
290,6-Acetylmorphine,-9999.99,-9999.99,(4) Thu,-9999.99,-9999.99,(11) November,-10000,-9999.99,2018-11-16 02:00:00,TP05
291,6-Acetylmorphine,2.2,15.17,(5) Fri,0.0,0.0,(11) November,0,1.56,2018-11-17 02:00:00,TP05
292,6-Acetylmorphine,0.54,24.51,(6) Sat,0.0,0.01,(11) November,0,2.28,2018-11-18 02:00:00,TP05
293,6-Acetylmorphine,0.36,10.51,(7) Sun,0.0,0.01,(11) November,0,2.11,2018-11-19 02:00:00,TP05
294,Oxycodone,0.12,150.73,(1) Mon,0.0,0.09,(12) December,0,32.38,2018-12-03 02:00:00,TP05
295,Oxycodone,0.11,133.88,(2) Tue,0.0,0.09,(12) December,0,30.48,2018-12-04 02:00:00,TP05
296,Oxycodone,0.0,106.17,(3) Wed,0.0,0.06,(12) December,0,21.34,2018-12-05 02:00:00,TP05
297,Oxycodone,0.0,89.06,(4) Thu,0.0,0.06,(12) December,0,20.01,2018-12-06 02:00:00,TP05
298,Oxycodone,0.0,113.86,(5) Fri,0.0,0.06,(12) December,0,22.33,2018-12-07 02:00:00,TP05
299,Oxycodone,0.0,111.06,(6) Sat,0.0,0.03,(12) December,0,11.89,2018-12-08 02:00:00,TP05
300,Oxycodone,0.0,55.61,(7) Sun,0.0,0.02,(12) December,0,5.44,2018-12-09 02:00:00,TP05
301,Noroxycodone,13.77,209.75,(1) Mon,0.01,0.13,(12) December,3,45.06,2018-12-03 02:00:00,TP05
302,Noroxycodone,16.19,246.66,(2) Tue,0.0,0.16,(12) December,4,56.17,2018-12-04 02:00:00,TP05
303,Noroxycodone,0.0,159.8,(3) Wed,0.0,0.09,(12) December,2,32.12,2018-12-05 02:00:00,TP05
304,Noroxycodone,0.0,133.42,(4) Thu,0.0,0.08,(12) December,2,29.98,2018-12-06 02:00:00,TP05
305,Noroxycodone,0.0,214.55,(5) Fri,0.0,0.12,(12) December,3,42.08,2018-12-07 02:00:00,TP05
306,Noroxycodone,0.0,145.01,(6) Sat,0.0,0.04,(12) December,1,15.52,2018-12-08 02:00:00,TP05
307,Noroxycodone,0.0,78.36,(7) Sun,0.0,0.02,(12) December,0,7.66,2018-12-09 02:00:00,TP05
308,Codeine,25.04,312.24,(1) Mon,0.02,0.19,(12) December,5,67.08,2018-12-03 02:00:00,TP05
309,Codeine,29.69,370.28,(2) Tue,0.0,0.24,(12) December,7,84.31,2018-12-04 02:00:00,TP05
310,Codeine,0.0,347.31,(3) Wed,0.0,0.2,(12) December,6,69.81,2018-12-05 02:00:00,TP05
311,Codeine,0.0,153.47,(4) Thu,0.0,0.1,(12) December,3,34.48,2018-12-06 02:00:00,TP05
312,Codeine,0.0,548.73,(5) Fri,0.0,0.3,(12) December,9,107.62,2018-12-07 02:00:00,TP05
313,Codeine,0.0,103.98,(6) Sat,0.0,0.03,(12) December,1,11.13,2018-12-08 02:00:00,TP05
314,Codeine,0.0,135.67,(7) Sun,0.0,0.04,(12) December,1,13.27,2018-12-09 02:00:00,TP05
315,Fentanyl,0.06,3.47,(1) Mon,0.0,0.0,(12) December,0,0.75,2018-12-03 02:00:00,TP05
316,Fentanyl,0.05,2.62,(2) Tue,0.0,0.0,(12) December,0,0.6,2018-12-04 02:00:00,TP05
317,Fentanyl,0.0,4.99,(3) Wed,0.0,0.0,(12) December,0,1.0,2018-12-05 02:00:00,TP05
318,Fentanyl,0.0,3.28,(4) Thu,0.0,0.0,(12) December,0,0.74,2018-12-06 02:00:00,TP05
319,Fentanyl,0.0,4.04,(5) Fri,0.0,0.0,(12) December,0,0.79,2018-12-07 02:00:00,TP05
320,Fentanyl,0.0,1.93,(6) Sat,0.0,0.0,(12) December,0,0.21,2018-12-08 02:00:00,TP05
321,Fentanyl,0.0,2.44,(7) Sun,0.0,0.0,(12) December,0,0.24,2018-12-09 02:00:00,TP05
322,Norfentanyl,0.15,4.98,(1) Mon,0.0,0.0,(12) December,0,1.07,2018-12-03 02:00:00,TP05
323,Norfentanyl,0.37,12.3,(2) Tue,0.0,0.01,(12) December,0,2.8,2018-12-04 02:00:00,TP05
324,Norfentanyl,0.0,16.1,(3) Wed,0.0,0.01,(12) December,0,3.24,2018-12-05 02:00:00,TP05
325,Norfentanyl,0.0,15.33,(4) Thu,0.0,0.01,(12) December,0,3.44,2018-12-06 02:00:00,TP05
326,Norfentanyl,0.0,11.66,(5) Fri,0.0,0.01,(12) December,0,2.29,2018-12-07 02:00:00,TP05
327,Norfentanyl,0.0,6.08,(6) Sat,0.0,0.0,(12) December,0,0.65,2018-12-08 02:00:00,TP05
328,Norfentanyl,0.0,4.91,(7) Sun,0.0,0.0,(12) December,0,0.48,2018-12-09 02:00:00,TP05
329,Heroin,-9999.99,-9999.99,(1) Mon,-9999.99,-9999.99,(12) December,-10000,-9999.99,2018-12-03 02:00:00,TP05
330,Heroin,-9999.99,-9999.99,(2) Tue,-9999.99,-9999.99,(12) December,-10000,-9999.99,2018-12-04 02:00:00,TP05
331,Heroin,-9999.99,-9999.99,(3) Wed,-9999.99,-9999.99,(12) December,-10000,-9999.99,2018-12-05 02:00:00,TP05
332,Heroin,-9999.99,-9999.99,(4) Thu,-9999.99,-9999.99,(12) December,-10000,-9999.99,2018-12-06 02:00:00,TP05
333,Heroin,-9999.99,-9999.99,(5) Fri,-9999.99,-9999.99,(12) December,-10000,-9999.99,2018-12-07 02:00:00,TP05
334,Heroin,-9999.99,-9999.99,(6) Sat,-9999.99,-9999.99,(12) December,-10000,-9999.99,2018-12-08 02:00:00,TP05
335,Heroin,-9999.99,-9999.99,(7) Sun,-9999.99,-9999.99,(12) December,-10000,-9999.99,2018-12-09 02:00:00,TP05
336,6-Acetylmorphine,0.04,9.29,(1) Mon,0.0,0.01,(12) December,0,2.0,2018-12-03 02:00:00,TP05
337,6-Acetylmorphine,0.03,8.59,(2) Tue,0.0,0.01,(12) December,0,1.96,2018-12-04 02:00:00,TP05
338,6-Acetylmorphine,0.0,6.59,(3) Wed,0.0,0.0,(12) December,0,1.32,2018-12-05 02:00:00,TP05
339,6-Acetylmorphine,0.0,7.78,(4) Thu,0.0,0.0,(12) December,0,1.75,2018-12-06 02:00:00,TP05
340,6-Acetylmorphine,-9999.99,-9999.99,(5) Fri,-9999.99,-9999.99,(12) December,-10000,-9999.99,2018-12-07 02:00:00,TP05
341,6-Acetylmorphine,0.0,4.37,(6) Sat,0.0,0.0,(12) December,0,0.47,2018-12-08 02:00:00,TP05
342,6-Acetylmorphine,0.0,7.79,(7) Sun,0.0,0.0,(12) December,0,0.76,2018-12-09 02:00:00,TP05
343,Oxycodone,5.51,119.84,(1) Mon,0.0,0.08,(01) January,1,27.97,2019-01-07 02:00:00,TP05
344,Oxycodone,7.05,153.41,(2) Tue,0.0,0.09,(01) January,2,33.77,2019-01-08 02:00:00,TP05
345,Oxycodone,7.08,154.05,(3) Wed,0.0,0.09,(01) January,2,33.8,2019-01-09 02:00:00,TP05
346,Oxycodone,4.28,93.05,(4) Thu,0.0,0.06,(01) January,1,20.56,2019-01-10 02:00:00,TP05
347,Oxycodone,9.21,200.4,(5) Fri,0.01,0.12,(01) January,2,41.03,2019-01-11 02:00:00,TP05
348,Oxycodone,5.0,108.79,(6) Sat,0.0,0.03,(01) January,1,12.37,2019-01-12 02:00:00,TP05
349,Oxycodone,12.58,273.71,(7) Sun,0.0,0.09,(01) January,1,30.85,2019-01-13 02:00:00,TP05
350,Noroxycodone,8.09,169.82,(1) Mon,0.01,0.11,(01) January,2,39.64,2019-01-07 02:00:00,TP05
351,Noroxycodone,9.19,193.1,(2) Tue,0.01,0.12,(01) January,2,42.5,2019-01-08 02:00:00,TP05
352,Noroxycodone,9.69,203.52,(3) Wed,0.01,0.13,(01) January,2,44.66,2019-01-09 02:00:00,TP05
353,Noroxycodone,6.64,139.47,(4) Thu,0.0,0.09,(01) January,1,30.81,2019-01-10 02:00:00,TP05
354,Noroxycodone,14.58,306.15,(5) Fri,0.01,0.18,(01) January,3,62.68,2019-01-11 02:00:00,TP05
355,Noroxycodone,6.93,145.5,(6) Sat,0.0,0.05,(01) January,1,16.54,2019-01-12 02:00:00,TP05
356,Noroxycodone,30.35,637.5,(7) Sun,0.01,0.2,(01) January,3,71.85,2019-01-13 02:00:00,TP05
357,Codeine,0.12,239.92,(1) Mon,0.0,0.16,(01) January,0,56.0,2019-01-07 02:00:00,TP05
358,Codeine,0.17,329.27,(2) Tue,0.0,0.2,(01) January,0,72.48,2019-01-08 02:00:00,TP05
359,Codeine,0.21,405.48,(3) Wed,0.0,0.25,(01) January,0,88.97,2019-01-09 02:00:00,TP05
360,Codeine,0.14,271.54,(4) Thu,0.0,0.17,(01) January,0,59.99,2019-01-10 02:00:00,TP05
361,Codeine,0.15,294.64,(5) Fri,0.0,0.17,(01) January,0,60.32,2019-01-11 02:00:00,TP05
362,Codeine,0.03,58.47,(6) Sat,0.0,0.02,(01) January,0,6.65,2019-01-12 02:00:00,TP05
363,Codeine,0.0,9.0,(7) Sun,0.0,0.0,(01) January,0,1.01,2019-01-13 02:00:00,TP05
364,Fentanyl,0.22,10.3,(1) Mon,0.0,0.01,(01) January,0,2.4,2019-01-07 02:00:00,TP05
365,Fentanyl,0.32,14.8,(2) Tue,0.0,0.01,(01) January,0,3.26,2019-01-08 02:00:00,TP05
366,Fentanyl,0.25,11.53,(3) Wed,0.0,0.01,(01) January,0,2.53,2019-01-09 02:00:00,TP05
367,Fentanyl,0.2,9.47,(4) Thu,0.0,0.01,(01) January,0,2.09,2019-01-10 02:00:00,TP05
368,Fentanyl,0.26,11.92,(5) Fri,0.0,0.01,(01) January,0,2.44,2019-01-11 02:00:00,TP05
369,Fentanyl,0.19,8.86,(6) Sat,0.0,0.0,(01) January,0,1.01,2019-01-12 02:00:00,TP05
370,Fentanyl,0.16,7.66,(7) Sun,0.0,0.0,(01) January,0,0.86,2019-01-13 02:00:00,TP05
371,Norfentanyl,0.31,29.85,(1) Mon,0.0,0.02,(01) January,0,6.97,2019-01-07 02:00:00,TP05
372,Norfentanyl,0.57,55.28,(2) Tue,0.0,0.03,(01) January,0,12.17,2019-01-08 02:00:00,TP05
373,Norfentanyl,0.51,48.97,(3) Wed,0.0,0.03,(01) January,0,10.74,2019-01-09 02:00:00,TP05
374,Norfentanyl,0.22,21.0,(4) Thu,0.0,0.01,(01) January,0,4.64,2019-01-10 02:00:00,TP05
375,Norfentanyl,0.51,48.68,(5) Fri,0.0,0.03,(01) January,0,9.97,2019-01-11 02:00:00,TP05
376,Norfentanyl,0.17,16.82,(6) Sat,0.0,0.01,(01) January,0,1.91,2019-01-12 02:00:00,TP05
377,Norfentanyl,0.14,13.55,(7) Sun,0.0,0.0,(01) January,0,1.53,2019-01-13 02:00:00,TP05
378,Heroin,-9999.99,-9999.99,(1) Mon,-9999.99,-9999.99,(01) January,-10000,-9999.99,2019-01-07 02:00:00,TP05
379,Heroin,-9999.99,-9999.99,(2) Tue,-9999.99,-9999.99,(01) January,-10000,-9999.99,2019-01-08 02:00:00,TP05
380,Heroin,-9999.99,-9999.99,(3) Wed,-9999.99,-9999.99,(01) January,-10000,-9999.99,2019-01-09 02:00:00,TP05
381,Heroin,-9999.99,-9999.99,(4) Thu,-9999.99,-9999.99,(01) January,-10000,-9999.99,2019-01-10 02:00:00,TP05
382,Heroin,-9999.99,-9999.99,(5) Fri,-9999.99,-9999.99,(01) January,-10000,-9999.99,2019-01-11 02:00:00,TP05
383,Heroin,-9999.99,-9999.99,(6) Sat,-9999.99,-9999.99,(01) January,-10000,-9999.99,2019-01-12 02:00:00,TP05
384,Heroin,-9999.99,-9999.99,(7) Sun,-9999.99,-9999.99,(01) January,-10000,-9999.99,2019-01-13 02:00:00,TP05
385,6-Acetylmorphine,-9999.99,-9999.99,(1) Mon,-9999.99,-9999.99,(01) January,-10000,-9999.99,2019-01-07 02:00:00,TP05
386,6-Acetylmorphine,-9999.99,-9999.99,(2) Tue,-9999.99,-9999.99,(01) January,-10000,-9999.99,2019-01-08 02:00:00,TP05
387,6-Acetylmorphine,-9999.99,-9999.99,(3) Wed,-9999.99,-9999.99,(01) January,-10000,-9999.99,2019-01-09 02:00:00,TP05
388,6-Acetylmorphine,-9999.99,-9999.99,(4) Thu,-9999.99,-9999.99,(01) January,-10000,-9999.99,2019-01-10 02:00:00,TP05
389,6-Acetylmorphine,-9999.99,-9999.99,(5) Fri,-9999.99,-9999.99,(01) January,-10000,-9999.99,2019-01-11 02:00:00,TP05
390,6-Acetylmorphine,0.0,13.67,(6) Sat,0.0,0.0,(01) January,0,1.55,2019-01-12 02:00:00,TP05
391,6-Acetylmorphine,-9999.99,-9999.99,(7) Sun,-9999.99,-9999.99,(01) January,-10000,-9999.99,2019-01-13 02:00:00,TP05
392,Oxycodone,0.01,0.17,(2) Tue,0.01,0.11,(02) Feb,3,40.03,2019-02-19 02:00:00,TP05
393,Oxycodone,0.02,0.18,(3) Wed,0.01,0.11,(02) Feb,4,38.92,2019-02-20 02:00:00,TP05
394,Oxycodone,0.0,0.17,(4) Thu,0.0,0.12,(02) Feb,0,43.56,2019-02-21 02:00:00,TP05
395,Oxycodone,0.0,0.09,(5) Fri,0.0,0.08,(02) Feb,1,27.3,2019-02-22 02:00:00,TP05
396,Oxycodone,0.01,0.08,(6) Sat,0.0,0.04,(02) Feb,1,12.76,2019-02-23 02:00:00,TP05
397,Oxycodone,0.0,0.03,(7) Sun,0.0,0.01,(02) Feb,0,3.96,2019-02-24 02:00:00,TP05
398,Oxycodone,0.0,0.15,(1) Mon,0.0,0.1,(02) Feb,1,36.03,2019-02-25 02:00:00,TP05
399,Noroxycodone,0.01,0.26,(2) Tue,0.01,0.17,(02) Feb,2,59.37,2019-02-19 02:00:00,TP05
400,Noroxycodone,0.02,0.21,(3) Wed,0.01,0.13,(02) Feb,4,46.28,2019-02-20 02:00:00,TP05
401,Noroxycodone,0.0,0.17,(4) Thu,0.0,0.12,(02) Feb,0,43.54,2019-02-21 02:00:00,TP05
402,Noroxycodone,0.01,0.11,(5) Fri,0.01,0.09,(02) Feb,2,32.35,2019-02-22 02:00:00,TP05
403,Noroxycodone,0.0,0.1,(6) Sat,0.0,0.04,(02) Feb,1,15.33,2019-02-23 02:00:00,TP05
404,Noroxycodone,0.0,0.04,(7) Sun,0.0,0.02,(02) Feb,0,6.07,2019-02-24 02:00:00,TP05
405,Noroxycodone,0.01,0.26,(1) Mon,0.01,0.17,(02) Feb,3,61.59,2019-02-25 02:00:00,TP05
406,Codeine,0.08,1.27,(2) Tue,0.05,0.82,(02) Feb,17,291.57,2019-02-19 02:00:00,TP05
407,Codeine,0.03,0.49,(3) Wed,0.02,0.31,(02) Feb,7,109.07,2019-02-20 02:00:00,TP05
408,Codeine,0.02,0.28,(4) Thu,0.01,0.2,(02) Feb,5,69.91,2019-02-21 02:00:00,TP05
409,Codeine,-9999.99,-9999.99,(5) Fri,-9999.99,-9999.99,(02) Feb,-10000,-9999.99,2019-02-22 02:00:00,TP05
410,Codeine,-9999.99,-9999.99,(6) Sat,-9999.99,-9999.99,(02) Feb,-10000,-9999.99,2019-02-23 02:00:00,TP05
411,Codeine,0.01,0.08,(7) Sun,0.0,0.03,(02) Feb,1,10.54,2019-02-24 02:00:00,TP05
412,Codeine,0.02,0.37,(1) Mon,0.01,0.25,(02) Feb,4,89.09,2019-02-25 02:00:00,TP05
413,Fentanyl,0.0,0.0,(2) Tue,0.0,0.0,(02) Feb,0,0.45,2019-02-19 02:00:00,TP05
414,Fentanyl,0.0,0.0,(3) Wed,0.0,0.0,(02) Feb,0,0.37,2019-02-20 02:00:00,TP05
415,Fentanyl,0.0,0.0,(4) Thu,0.0,0.0,(02) Feb,0,0.43,2019-02-21 02:00:00,TP05
416,Fentanyl,0.0,0.0,(5) Fri,0.0,0.0,(02) Feb,0,0.28,2019-02-22 02:00:00,TP05
417,Fentanyl,0.0,0.0,(6) Sat,0.0,0.0,(02) Feb,0,0.08,2019-02-23 02:00:00,TP05
418,Fentanyl,0.0,0.0,(7) Sun,0.0,0.0,(02) Feb,0,0.06,2019-02-24 02:00:00,TP05
419,Fentanyl,0.0,0.0,(1) Mon,0.0,0.0,(02) Feb,0,0.16,2019-02-25 02:00:00,TP05
420,Norfentanyl,0.0,0.01,(2) Tue,0.0,0.01,(02) Feb,0,3.43,2019-02-19 02:00:00,TP05
421,Norfentanyl,0.0,0.01,(3) Wed,0.0,0.01,(02) Feb,0,2.3,2019-02-20 02:00:00,TP05
422,Norfentanyl,0.0,0.01,(4) Thu,0.0,0.01,(02) Feb,0,2.14,2019-02-21 02:00:00,TP05
423,Norfentanyl,0.0,0.0,(5) Fri,0.0,0.0,(02) Feb,0,0.97,2019-02-22 02:00:00,TP05
424,Norfentanyl,-9999.99,-9999.99,(6) Sat,-9999.99,-9999.99,(02) Feb,-10000,-9999.99,2019-02-23 02:00:00,TP05
425,Norfentanyl,-9999.99,-9999.99,(7) Sun,-9999.99,-9999.99,(02) Feb,-10000,-9999.99,2019-02-24 02:00:00,TP05
426,Norfentanyl,0.0,0.01,(1) Mon,0.0,0.0,(02) Feb,0,1.54,2019-02-25 02:00:00,TP05
427,Heroin,-9999.99,-9999.99,(2) Tue,-9999.99,-9999.99,(02) Feb,-10000,-9999.99,2019-02-19 02:00:00,TP05
428,Heroin,-9999.99,-9999.99,(3) Wed,-9999.99,-9999.99,(02) Feb,-10000,-9999.99,2019-02-20 02:00:00,TP05
429,Heroin,0.0,0.01,(4) Thu,0.0,0.01,(02) Feb,0,2.59,2019-02-21 02:00:00,TP05
430,Heroin,-9999.99,-9999.99,(5) Fri,-9999.99,-9999.99,(02) Feb,-10000,-9999.99,2019-02-22 02:00:00,TP05
431,Heroin,-9999.99,-9999.99,(6) Sat,-9999.99,-9999.99,(02) Feb,-10000,-9999.99,2019-02-23 02:00:00,TP05
432,Heroin,-9999.99,-9999.99,(7) Sun,-9999.99,-9999.99,(02) Feb,-10000,-9999.99,2019-02-24 02:00:00,TP05
433,Heroin,-9999.99,-9999.99,(1) Mon,-9999.99,-9999.99,(02) Feb,-10000,-9999.99,2019-02-25 02:00:00,TP05
434,6-Acetylmorphine,-9999.99,-9999.99,(2) Tue,-9999.99,-9999.99,(02) Feb,-10000,-9999.99,2019-02-19 02:00:00,TP05
435,6-Acetylmorphine,-9999.99,-9999.99,(3) Wed,-9999.99,-9999.99,(02) Feb,-10000,-9999.99,2019-02-20 02:00:00,TP05
436,6-Acetylmorphine,0.0,0.01,(4) Thu,0.0,0.01,(02) Feb,0,2.34,2019-02-21 02:00:00,TP05
437,6-Acetylmorphine,0.0,0.0,(5) Fri,0.0,0.0,(02) Feb,0,1.05,2019-02-22 02:00:00,TP05
438,6-Acetylmorphine,-9999.99,-9999.99,(6) Sat,-9999.99,-9999.99,(02) Feb,-10000,-9999.99,2019-02-23 02:00:00,TP05
439,6-Acetylmorphine,-9999.99,-9999.99,(7) Sun,-9999.99,-9999.99,(02) Feb,-10000,-9999.99,2019-02-24 02:00:00,TP05
440,6-Acetylmorphine,-9999.99,-9999.99,(1) Mon,-9999.99,-9999.99,(02) Feb,-10000,-9999.99,2019-02-25 02:00:00,TP05
441,Oxycodone,18.34,175.72,(1) Mon,0.01,0.11,(03) Mar,4,37.83,2019-03-11 03:00:00,TP05
442,Oxycodone,7.39,244.16,(2) Tues,0.0,0.16,(03) Mar,2,55.24,2019-03-12 03:00:00,TP05
443,Oxycodone,21.49,177.97,(3) Wed,0.01,0.12,(03) Mar,5,41.78,2019-03-13 03:00:00,TP05
444,Oxycodone,5.96,291.85,(4) Thu,0.0,0.19,(03) Mar,1,65.95,2019-03-14 03:00:00,TP05
445,Oxycodone,3.25,178.51,(5) Fri,0.0,0.1,(03) Mar,1,34.76,2019-03-15 03:00:00,TP05
446,Oxycodone,9.94,145.08,(6) Sat,0.0,0.05,(03) Mar,1,17.91,2019-03-16 03:00:00,TP05
447,Oxycodone,1.72,57.05,(7) Sun,0.0,0.02,(03) Mar,0,6.41,2019-03-17 03:00:00,TP05
448,Noroxycodone,12.61,191.81,(1) Mon,0.01,0.12,(03) Mar,3,41.3,2019-03-11 03:00:00,TP05
449,Noroxycodone,11.5,271.3,(2) Tues,0.01,0.17,(03) Mar,3,61.38,2019-03-12 03:00:00,TP05
450,Noroxycodone,20.22,223.39,(3) Wed,0.01,0.15,(03) Mar,5,52.44,2019-03-13 03:00:00,TP05
451,Noroxycodone,17.97,274.98,(4) Thu,0.01,0.17,(03) Mar,4,62.14,2019-03-14 03:00:00,TP05
452,Noroxycodone,9.23,212.48,(5) Fri,0.01,0.12,(03) Mar,2,41.37,2019-03-15 03:00:00,TP05
453,Noroxycodone,7.87,143.77,(6) Sat,0.0,0.05,(03) Mar,1,17.75,2019-03-16 03:00:00,TP05
454,Noroxycodone,0.49,75.74,(7) Sun,0.0,0.02,(03) Mar,0,8.5,2019-03-17 03:00:00,TP05
455,Codeine,0.0,377.55,(1) Mon,0.0,0.23,(03) Mar,0,81.29,2019-03-11 03:00:00,TP05
456,Codeine,44.0,636.91,(2) Tues,0.03,0.4,(03) Mar,10,144.1,2019-03-12 03:00:00,TP05
457,Codeine,28.87,501.48,(3) Wed,0.02,0.33,(03) Mar,7,117.72,2019-03-13 03:00:00,TP05
458,Codeine,28.2,338.85,(4) Thu,0.02,0.21,(03) Mar,6,76.57,2019-03-14 03:00:00,TP05
459,Codeine,42.67,254.08,(5) Fri,0.02,0.14,(03) Mar,8,49.47,2019-03-15 03:00:00,TP05
460,Codeine,60.89,60.89,(6) Sat,0.02,0.02,(03) Mar,0,15.04,2019-03-16 03:00:00,TP05
461,Codeine,-9999.99,-9999.99,(7) Sun,-9999.99,-9999.99,(03) Mar,-10000,-9999.99,2019-03-17 03:00:00,TP05
462,Fentanyl,-9999.99,-9999.99,(1) Mon,-9999.99,-9999.99,(03) Mar,-10000,-9999.99,2019-03-11 03:00:00,TP05
463,Fentanyl,-9999.99,-9999.99,(2) Tues,-9999.99,-9999.99,(03) Mar,-10000,-9999.99,2019-03-12 03:00:00,TP05
464,Fentanyl,0.23,1.76,(3) Wed,0.0,0.0,(03) Mar,0,0.41,2019-03-13 03:00:00,TP05
465,Fentanyl,0.71,5.81,(4) Thu,0.0,0.0,(03) Mar,0,1.31,2019-03-14 03:00:00,TP05
466,Fentanyl,0.33,2.55,(5) Fri,0.0,0.0,(03) Mar,0,0.5,2019-03-15 03:00:00,TP05
467,Fentanyl,-9999.99,-9999.99,(6) Sat,-9999.99,-9999.99,(03) Mar,-10000,-9999.99,2019-03-16 03:00:00,TP05
468,Fentanyl,0.19,1.49,(7) Sun,0.0,0.0,(03) Mar,0,0.17,2019-03-17 03:00:00,TP05
469,Norfentanyl,0.92,11.75,(1) Mon,0.0,0.01,(03) Mar,0,2.53,2019-03-11 03:00:00,TP05
470,Norfentanyl,0.4,9.19,(2) Tues,0.0,0.01,(03) Mar,0,2.08,2019-03-12 03:00:00,TP05
471,Norfentanyl,0.86,16.79,(3) Wed,0.0,0.01,(03) Mar,0,3.94,2019-03-13 03:00:00,TP05
472,Norfentanyl,14.55,74.26,(4) Thu,0.01,0.05,(03) Mar,3,16.78,2019-03-14 03:00:00,TP05
473,Norfentanyl,0.73,22.27,(5) Fri,0.0,0.01,(03) Mar,0,4.34,2019-03-15 03:00:00,TP05
474,Norfentanyl,1.46,8.94,(6) Sat,0.0,0.0,(03) Mar,0,1.1,2019-03-16 03:00:00,TP05
475,Norfentanyl,-9999.99,-9999.99,(7) Sun,-9999.99,-9999.99,(03) Mar,-10000,-9999.99,2019-03-17 03:00:00,TP05
476,Heroin,-9999.99,-9999.99,(1) Mon,-9999.99,-9999.99,(03) Mar,-10000,-9999.99,2019-03-11 03:00:00,TP05
477,Heroin,-9999.99,-9999.99,(2) Tues,-9999.99,-9999.99,(03) Mar,-10000,-9999.99,2019-03-12 03:00:00,TP05
478,Heroin,-9999.99,-9999.99,(3) Wed,-9999.99,-9999.99,(03) Mar,-10000,-9999.99,2019-03-13 03:00:00,TP05
479,Heroin,-9999.99,-9999.99,(4) Thu,-9999.99,-9999.99,(03) Mar,-10000,-9999.99,2019-03-14 03:00:00,TP05
480,Heroin,-9999.99,-9999.99,(5) Fri,-9999.99,-9999.99,(03) Mar,-10000,-9999.99,2019-03-15 03:00:00,TP05
481,Heroin,-9999.99,-9999.99,(6) Sat,-9999.99,-9999.99,(03) Mar,-10000,-9999.99,2019-03-16 03:00:00,TP05
482,Heroin,-9999.99,-9999.99,(7) Sun,-9999.99,-9999.99,(03) Mar,-10000,-9999.99,2019-03-17 03:00:00,TP05
483,6-Acetylmorphine,-9999.99,-9999.99,(1) Mon,-9999.99,-9999.99,(03) Mar,-10000,-9999.99,2019-03-11 03:00:00,TP05
484,6-Acetylmorphine,0.71,11.55,(2) Tues,0.0,0.01,(03) Mar,0,2.61,2019-03-12 03:00:00,TP05
485,6-Acetylmorphine,0.58,6.75,(3) Wed,0.0,0.0,(03) Mar,0,1.59,2019-03-13 03:00:00,TP05
486,6-Acetylmorphine,-9999.99,-9999.99,(4) Thu,-9999.99,-9999.99,(03) Mar,-10000,-9999.99,2019-03-14 03:00:00,TP05
487,6-Acetylmorphine,-9999.99,-9999.99,(5) Fri,-9999.99,-9999.99,(03) Mar,-10000,-9999.99,2019-03-15 03:00:00,TP05
488,6-Acetylmorphine,-9999.99,-9999.99,(6) Sat,-9999.99,-9999.99,(03) Mar,-10000,-9999.99,2019-03-16 03:00:00,TP05
489,6-Acetylmorphine,-9999.99,-9999.99,(7) Sun,-9999.99,-9999.99,(03) Mar,-10000,-9999.99,2019-03-17 03:00:00,TP05
490,Oxycodone,5.01,196.2,(1) Mon,0.0,0.11,(04) Apr,1,39.13,2019-04-22 03:00:00,TP05
491,Oxycodone,3.21,103.01,(2) Tue,0.0,0.06,(04) Apr,1,21.83,2019-04-23 03:00:00,TP05
492,Oxycodone,5.16,134.6,(3) Wed,0.0,0.08,(04) Apr,1,28.13,2019-04-24 03:00:00,TP05
493,Oxycodone,10.82,183.68,(4) Thu,0.01,0.11,(04) Apr,2,38.8,2019-04-25 03:00:00,TP05
494,Oxycodone,8.15,208.2,(5) Fri,0.0,0.11,(04) Apr,1,37.69,2019-04-26 03:00:00,TP05
495,Oxycodone,6.75,165.58,(6) Sat,0.0,0.05,(04) Apr,1,17.31,2019-04-27 03:00:00,TP05
496,Oxycodone,11.88,170.71,(7) Sun,0.0,0.05,(04) Apr,1,16.73,2019-04-28 03:00:00,TP05
497,Noroxycodone,10.37,199.68,(1) Mon,0.01,0.11,(04) Apr,2,39.83,2019-04-22 03:00:00,TP05
498,Noroxycodone,8.96,130.23,(2) Tue,0.01,0.08,(04) Apr,2,27.6,2019-04-23 03:00:00,TP05
499,Noroxycodone,2.72,162.82,(3) Wed,0.0,0.1,(04) Apr,1,34.03,2019-04-24 03:00:00,TP05
500,Noroxycodone,8.81,231.77,(4) Thu,0.01,0.14,(04) Apr,2,48.96,2019-04-25 03:00:00,TP05
501,Noroxycodone,29.43,354.12,(5) Fri,0.01,0.18,(04) Apr,5,64.11,2019-04-26 03:00:00,TP05
502,Noroxycodone,4.47,144.64,(6) Sat,0.0,0.04,(04) Apr,0,15.12,2019-04-27 03:00:00,TP05
503,Noroxycodone,10.01,164.15,(7) Sun,0.0,0.05,(04) Apr,1,16.09,2019-04-28 03:00:00,TP05
504,Codeine,-9999.99,-9999.99,(1) Mon,-9999.99,-9999.99,(04) Apr,-10000,-9999.99,2019-04-22 03:00:00,TP05
505,Codeine,-9999.99,-9999.99,(2) Tue,-9999.99,-9999.99,(04) Apr,-10000,-9999.99,2019-04-23 03:00:00,TP05
506,Codeine,-9999.99,-9999.99,(3) Wed,-9999.99,-9999.99,(04) Apr,-10000,-9999.99,2019-04-24 03:00:00,TP05
507,Codeine,-9999.99,-9999.99,(4) Thu,-9999.99,-9999.99,(04) Apr,-10000,-9999.99,2019-04-25 03:00:00,TP05
508,Codeine,-9999.99,-9999.99,(5) Fri,-9999.99,-9999.99,(04) Apr,-10000,-9999.99,2019-04-26 03:00:00,TP05
509,Codeine,-9999.99,-9999.99,(6) Sat,-9999.99,-9999.99,(04) Apr,-10000,-9999.99,2019-04-27 03:00:00,TP05
510,Codeine,4.18,46.03,(7) Sun,0.0,0.01,(04) Apr,0,4.51,2019-04-28 03:00:00,TP05
511,Fentanyl,0.17,2.4,(1) Mon,0.0,0.0,(04) Apr,0,0.48,2019-04-22 03:00:00,TP05
512,Fentanyl,0.05,1.31,(2) Tue,0.0,0.0,(04) Apr,0,0.28,2019-04-23 03:00:00,TP05
513,Fentanyl,0.19,2.78,(3) Wed,0.0,0.0,(04) Apr,0,0.58,2019-04-24 03:00:00,TP05
514,Fentanyl,0.2,4.05,(4) Thu,0.0,0.0,(04) Apr,0,0.86,2019-04-25 03:00:00,TP05
515,Fentanyl,0.14,2.43,(5) Fri,0.0,0.0,(04) Apr,0,0.44,2019-04-26 03:00:00,TP05
516,Fentanyl,0.33,3.06,(6) Sat,0.0,0.0,(04) Apr,0,0.32,2019-04-27 03:00:00,TP05
517,Fentanyl,0.13,2.5,(7) Sun,0.0,0.0,(04) Apr,0,0.24,2019-04-28 03:00:00,TP05
518,Norfentanyl,0.59,35.67,(1) Mon,0.0,0.02,(04) Apr,0,7.12,2019-04-22 03:00:00,TP05
519,Norfentanyl,0.43,19.92,(2) Tue,0.0,0.01,(04) Apr,0,4.22,2019-04-23 03:00:00,TP05
520,Norfentanyl,0.03,20.66,(3) Wed,0.0,0.01,(04) Apr,0,4.32,2019-04-24 03:00:00,TP05
521,Norfentanyl,0.86,33.48,(4) Thu,0.0,0.02,(04) Apr,0,7.07,2019-04-25 03:00:00,TP05
522,Norfentanyl,0.13,19.5,(5) Fri,0.0,0.01,(04) Apr,0,3.53,2019-04-26 03:00:00,TP05
523,Norfentanyl,0.42,24.11,(6) Sat,0.0,0.01,(04) Apr,0,2.52,2019-04-27 03:00:00,TP05
524,Norfentanyl,0.31,17.78,(7) Sun,0.0,0.0,(04) Apr,0,1.74,2019-04-28 03:00:00,TP05
525,Heroin,-9999.99,-9999.99,(1) Mon,-9999.99,-9999.99,(04) Apr,-10000,-9999.99,2019-04-22 03:00:00,TP05
526,Heroin,-9999.99,-9999.99,(2) Tue,-9999.99,-9999.99,(04) Apr,-10000,-9999.99,2019-04-23 03:00:00,TP05
527,Heroin,-9999.99,-9999.99,(3) Wed,-9999.99,-9999.99,(04) Apr,-10000,-9999.99,2019-04-24 03:00:00,TP05
528,Heroin,-9999.99,-9999.99,(4) Thu,-9999.99,-9999.99,(04) Apr,-10000,-9999.99,2019-04-25 03:00:00,TP05
529,Heroin,-9999.99,-9999.99,(5) Fri,-9999.99,-9999.99,(04) Apr,-10000,-9999.99,2019-04-26 03:00:00,TP05
530,Heroin,-9999.99,-9999.99,(6) Sat,-9999.99,-9999.99,(04) Apr,-10000,-9999.99,2019-04-27 03:00:00,TP05
531,Heroin,-9999.99,-9999.99,(7) Sun,-9999.99,-9999.99,(04) Apr,-10000,-9999.99,2019-04-28 03:00:00,TP05
532,6-Acetylmorphine,0.18,9.3,(1) Mon,0.0,0.01,(04) Apr,0,1.86,2019-04-22 03:00:00,TP05
533,6-Acetylmorphine,-9999.99,-9999.99,(2) Tue,-9999.99,-9999.99,(04) Apr,-10000,-9999.99,2019-04-23 03:00:00,TP05
534,6-Acetylmorphine,-9999.99,-9999.99,(3) Wed,-9999.99,-9999.99,(04) Apr,-10000,-9999.99,2019-04-24 03:00:00,TP05
535,6-Acetylmorphine,-9999.99,-9999.99,(4) Thu,-9999.99,-9999.99,(04) Apr,-10000,-9999.99,2019-04-25 03:00:00,TP05
536,6-Acetylmorphine,-9999.99,-9999.99,(5) Fri,-9999.99,-9999.99,(04) Apr,-10000,-9999.99,2019-04-26 03:00:00,TP05
537,6-Acetylmorphine,-9999.99,-9999.99,(6) Sat,-9999.99,-9999.99,(04) Apr,-10000,-9999.99,2019-04-27 03:00:00,TP05
538,6-Acetylmorphine,-9999.99,-9999.99,(7) Sun,-9999.99,-9999.99,(04) Apr,-10000,-9999.99,2019-04-28 03:00:00,TP05
539,Oxycodone,2.9,181.68,(1) Mon,0.0,0.11,(05) May,1,39.63,2019-05-13 03:00:00,TP05
540,Oxycodone,3.19,91.03,(2) Tue,0.0,0.06,(05) May,1,19.89,2019-05-14 03:00:00,TP05
541,Oxycodone,20.56,183.5,(3) Wed,0.01,0.11,(05) May,5,40.81,2019-05-15 03:00:00,TP05
542,Oxycodone,5.57,110.34,(4) Thu,0.0,0.07,(05) May,1,23.93,2019-05-16 03:00:00,TP05
543,Oxycodone,10.21,99.66,(5) Fri,0.01,0.06,(05) May,2,20.32,2019-05-17 03:00:00,TP05
544,Oxycodone,6.2,61.78,(6) Sat,0.0,0.02,(05) May,1,7.91,2019-05-18 03:00:00,TP05
545,Oxycodone,0.7,72.01,(7) Sun,0.0,0.02,(05) May,0,8.86,2019-05-19 03:00:00,TP05
546,Noroxycodone,10.55,201.67,(1) Mon,0.01,0.12,(05) May,2,43.99,2019-05-13 03:00:00,TP05
547,Noroxycodone,9.11,131.0,(2) Tue,0.01,0.08,(05) May,2,28.62,2019-05-14 03:00:00,TP05
548,Noroxycodone,2.77,164.16,(3) Wed,0.0,0.1,(05) May,1,36.51,2019-05-15 03:00:00,TP05
549,Noroxycodone,8.97,234.31,(4) Thu,0.01,0.14,(05) May,2,50.82,2019-05-16 03:00:00,TP05
550,Noroxycodone,29.95,358.79,(5) Fri,0.02,0.21,(05) May,6,73.14,2019-05-17 03:00:00,TP05
551,Noroxycodone,4.54,145.66,(6) Sat,0.0,0.05,(05) May,1,18.64,2019-05-18 03:00:00,TP05
552,Noroxycodone,10.19,165.51,(7) Sun,0.0,0.06,(05) May,1,20.37,2019-05-19 03:00:00,TP05
553,Codeine,-9999.99,-9999.99,(1) Mon,-9999.99,-9999.99,(05) May,-10000,-9999.99,2019-05-13 03:00:00,TP05
554,Codeine,-9999.99,-9999.99,(2) Tue,-9999.99,-9999.99,(05) May,-10000,-9999.99,2019-05-14 03:00:00,TP05
555,Codeine,-9999.99,-9999.99,(3) Wed,-9999.99,-9999.99,(05) May,-10000,-9999.99,2019-05-15 03:00:00,TP05
556,Codeine,-9999.99,-9999.99,(4) Thu,-9999.99,-9999.99,(05) May,-10000,-9999.99,2019-05-16 03:00:00,TP05
557,Codeine,2.88,114.73,(5) Fri,0.0,0.07,(05) May,1,23.39,2019-05-17 03:00:00,TP05
558,Codeine,18.42,146.9,(6) Sat,0.01,0.05,(05) May,2,18.8,2019-05-18 03:00:00,TP05
559,Codeine,71.06,71.06,(7) Sun,0.02,0.02,(05) May,9,8.74,2019-05-19 03:00:00,TP05
560,Fentanyl,0.11,1.9,(1) Mon,0.0,0.0,(05) May,0,0.42,2019-05-13 03:00:00,TP05
561,Fentanyl,0.42,6.4,(2) Tue,0.0,0.0,(05) May,0,1.4,2019-05-14 03:00:00,TP05
562,Fentanyl,0.01,2.5,(3) Wed,0.0,0.0,(05) May,0,0.56,2019-05-15 03:00:00,TP05
563,Fentanyl,0.0,1.08,(4) Thu,0.0,0.0,(05) May,0,0.23,2019-05-16 03:00:00,TP05
564,Fentanyl,0.29,4.09,(5) Fri,0.0,0.0,(05) May,0,0.83,2019-05-17 03:00:00,TP05
565,Fentanyl,-9999.99,-9999.99,(6) Sat,-9999.99,-9999.99,(05) May,-10000,-9999.99,2019-05-18 03:00:00,TP05
566,Fentanyl,0.08,0.87,(7) Sun,0.0,0.0,(05) May,0,0.11,2019-05-19 03:00:00,TP05
567,Norfentanyl,1.97,33.98,(1) Mon,0.0,0.02,(05) May,0,7.41,2019-05-13 03:00:00,TP05
568,Norfentanyl,0.21,26.55,(2) Tue,0.0,0.02,(05) May,0,5.8,2019-05-14 03:00:00,TP05
569,Norfentanyl,1.66,26.17,(3) Wed,0.0,0.02,(05) May,0,5.82,2019-05-15 03:00:00,TP05
570,Norfentanyl,0.73,16.06,(4) Thu,0.0,0.01,(05) May,0,3.48,2019-05-16 03:00:00,TP05
571,Norfentanyl,1.4,57.73,(5) Fri,0.0,0.03,(05) May,0,11.77,2019-05-17 03:00:00,TP05
572,Norfentanyl,0.33,10.91,(6) Sat,0.0,0.0,(05) May,0,1.4,2019-05-18 03:00:00,TP05
573,Norfentanyl,0.2,5.27,(7) Sun,0.0,0.0,(05) May,0,0.65,2019-05-19 03:00:00,TP05
574,Heroin,-9999.99,-9999.99,(1) Mon,-9999.99,-9999.99,(05) May,-10000,-9999.99,2019-05-13 03:00:00,TP05
575,Heroin,-9999.99,-9999.99,(2) Tue,-9999.99,-9999.99,(05) May,-10000,-9999.99,2019-05-14 03:00:00,TP05
576,Heroin,-9999.99,-9999.99,(3) Wed,-9999.99,-9999.99,(05) May,-10000,-9999.99,2019-05-15 03:00:00,TP05
577,Heroin,-9999.99,-9999.99,(4) Thu,-9999.99,-9999.99,(05) May,-10000,-9999.99,2019-05-16 03:00:00,TP05
578,Heroin,-9999.99,-9999.99,(5) Fri,-9999.99,-9999.99,(05) May,-10000,-9999.99,2019-05-17 03:00:00,TP05
579,Heroin,-9999.99,-9999.99,(6) Sat,-9999.99,-9999.99,(05) May,-10000,-9999.99,2019-05-18 03:00:00,TP05
580,Heroin,-9999.99,-9999.99,(7) Sun,-9999.99,-9999.99,(05) May,-10000,-9999.99,2019-05-19 03:00:00,TP05
581,6-Acetylmorphine,0.25,6.53,(1) Mon,0.0,0.0,(05) May,1,1.37,2019-05-13 03:00:00,TP05
582,6-Acetylmorphine,-9999.99,-9999.99,(2) Tue,-9999.99,-9999.99,(05) May,-10000,-9999.99,2019-05-14 03:00:00,TP05
583,6-Acetylmorphine,0.53,6.35,(3) Wed,0.0,0.0,(05) May,0,1.38,2019-05-15 03:00:00,TP05
584,6-Acetylmorphine,0.03,5.26,(4) Thu,0.0,0.0,(05) May,0,1.07,2019-05-16 03:00:00,TP05
585,6-Acetylmorphine,-9999.99,-9999.99,(5) Fri,-9999.99,-9999.99,(05) May,-10000,-9999.99,2019-05-17 03:00:00,TP05
586,6-Acetylmorphine,-9999.99,-9999.99,(6) Sat,-9999.99,-9999.99,(05) May,-10000,-9999.99,2019-05-18 03:00:00,TP05
587,6-Acetylmorphine,-9999.99,-9999.99,(7) Sun,-9999.99,-9999.99,(05) May,-10000,-9999.99,2019-05-19 03:00:00,TP05
588,Oxycodone,0.0,102.63,(1) Mon,0.0,0.06,(06) Jun,0,21.24,2019-06-03 03:00:00,TP05
589,Oxycodone,2.7,113.82,(2) Tue,0.0,0.07,(06) Jun,1,23.46,2019-06-04 03:00:00,TP05
590,Oxycodone,6.06,92.78,(3) Wed,0.0,0.05,(06) Jun,1,18.98,2019-06-05 03:00:00,TP05
591,Oxycodone,8.65,110.12,(4) Thu,0.0,0.06,(06) Jun,2,22.32,2019-06-06 03:00:00,TP05
592,Oxycodone,0.87,273.8,(5) Fri,0.0,0.14,(06) Jun,0,50.66,2019-06-07 03:00:00,TP05
593,Oxycodone,11.46,108.36,(6) Sat,0.0,0.03,(06) Jun,1,10.06,2019-06-08 03:00:00,TP05
594,Oxycodone,0.39,59.49,(7) Sun,0.0,0.02,(06) Jun,0,5.8,2019-06-09 03:00:00,TP05
595,Noroxycodone,1.19,136.11,(1) Mon,0.0,0.08,(06) Jun,0,28.17,2019-06-03 03:00:00,TP05
596,Noroxycodone,6.94,126.96,(2) Tue,0.0,0.07,(06) Jun,1,26.17,2019-06-04 03:00:00,TP05
597,Noroxycodone,1.04,109.52,(3) Wed,0.0,0.06,(06) Jun,0,22.41,2019-06-05 03:00:00,TP05
598,Noroxycodone,1.8,135.63,(4) Thu,0.0,0.08,(06) Jun,0,27.49,2019-06-06 03:00:00,TP05
599,Noroxycodone,8.28,276.86,(5) Fri,0.0,0.14,(06) Jun,2,51.22,2019-06-07 03:00:00,TP05
600,Noroxycodone,8.4,124.31,(6) Sat,0.0,0.03,(06) Jun,1,11.55,2019-06-08 03:00:00,TP05
601,Noroxycodone,1.07,63.07,(7) Sun,0.0,0.02,(06) Jun,0,6.15,2019-06-09 03:00:00,TP05
602,Codeine,0.0,132.38,(1) Mon,0.0,0.08,(06) Jun,0,27.11,2019-06-03 03:00:00,TP05
603,Codeine,53.97,147.24,(2) Tue,0.03,0.09,(06) Jun,11,30.35,2019-06-04 03:00:00,TP05
604,Codeine,13.15,180.11,(3) Wed,0.01,0.1,(06) Jun,3,36.85,2019-06-05 03:00:00,TP05
605,Codeine,5.73,237.21,(4) Thu,0.0,0.13,(06) Jun,1,48.08,2019-06-06 03:00:00,TP05
606,Codeine,5.41,150.2,(5) Fri,0.0,0.08,(06) Jun,1,27.79,2019-06-07 03:00:00,TP05
607,Codeine,1.84,41.16,(6) Sat,0.0,0.01,(06) Jun,0,3.82,2019-06-08 03:00:00,TP05
608,Codeine,17.09,17.09,(7) Sun,0.0,0.0,(06) Jun,2,1.67,2019-06-09 03:00:00,TP05
609,Fentanyl,0.24,2.73,(1) Mon,0.0,0.0,(06) Jun,0,0.56,2019-06-03 03:00:00,TP05
610,Fentanyl,0.0,1.37,(2) Tue,0.0,0.0,(06) Jun,0,0.28,2019-06-04 03:00:00,TP05
611,Fentanyl,0.42,3.53,(3) Wed,0.0,0.0,(06) Jun,0,0.72,2019-06-05 03:00:00,TP05
612,Fentanyl,0.12,3.91,(4) Thu,0.0,0.0,(06) Jun,0,0.79,2019-06-06 03:00:00,TP05
613,Fentanyl,0.09,3.15,(5) Fri,0.0,0.0,(06) Jun,0,0.58,2019-06-07 03:00:00,TP05
614,Fentanyl,0.03,2.12,(6) Sat,0.0,0.0,(06) Jun,0,0.2,2019-06-08 03:00:00,TP05
615,Fentanyl,0.08,1.48,(7) Sun,0.0,0.0,(06) Jun,0,0.14,2019-06-09 03:00:00,TP05
616,Norfentanyl,0.52,16.7,(1) Mon,0.0,0.01,(06) Jun,0,3.46,2019-06-03 03:00:00,TP05
617,Norfentanyl,0.39,10.48,(2) Tue,0.0,0.01,(06) Jun,0,2.16,2019-06-04 03:00:00,TP05
618,Norfentanyl,0.47,24.29,(3) Wed,0.0,0.01,(06) Jun,0,4.97,2019-06-05 03:00:00,TP05
619,Norfentanyl,0.84,16.54,(4) Thu,0.0,0.01,(06) Jun,0,3.35,2019-06-06 03:00:00,TP05
620,Norfentanyl,4.39,19.16,(5) Fri,0.0,0.01,(06) Jun,1,3.55,2019-06-07 03:00:00,TP05
621,Norfentanyl,0.81,11.6,(6) Sat,0.0,0.0,(06) Jun,0,1.08,2019-06-08 03:00:00,TP05
622,Norfentanyl,0.1,6.62,(7) Sun,0.0,0.0,(06) Jun,0,0.65,2019-06-09 03:00:00,TP05
623,Heroin,-9999.99,-9999.99,(1) Mon,-9999.99,-9999.99,(06) Jun,-10000,-9999.99,2019-06-03 03:00:00,TP05
624,Heroin,-9999.99,-9999.99,(2) Tue,-9999.99,-9999.99,(06) Jun,-10000,-9999.99,2019-06-04 03:00:00,TP05
625,Heroin,-9999.99,-9999.99,(3) Wed,-9999.99,-9999.99,(06) Jun,-10000,-9999.99,2019-06-05 03:00:00,TP05
626,Heroin,0.26,15.43,(4) Thu,0.0,0.01,(06) Jun,0,3.13,2019-06-06 03:00:00,TP05
627,Heroin,-9999.99,-9999.99,(5) Fri,-9999.99,-9999.99,(06) Jun,-10000,-9999.99,2019-06-07 03:00:00,TP05
628,Heroin,0.66,6.51,(6) Sat,0.0,0.0,(06) Jun,0,0.6,2019-06-08 03:00:00,TP05
629,Heroin,-9999.99,-9999.99,(7) Sun,-9999.99,-9999.99,(06) Jun,-10000,-9999.99,2019-06-09 03:00:00,TP05
630,6-Acetylmorphine,0.38,7.71,(1) Mon,0.0,0.0,(06) Jun,0,1.6,2019-06-03 03:00:00,TP05
631,6-Acetylmorphine,0.27,8.71,(2) Tue,0.0,0.01,(06) Jun,0,1.8,2019-06-04 03:00:00,TP05
632,6-Acetylmorphine,0.34,5.04,(3) Wed,0.0,0.0,(06) Jun,0,1.03,2019-06-05 03:00:00,TP05
633,6-Acetylmorphine,2.66,35.32,(4) Thu,0.0,0.02,(06) Jun,1,7.16,2019-06-06 03:00:00,TP05
634,6-Acetylmorphine,-9999.99,-9999.99,(5) Fri,-9999.99,-9999.99,(06) Jun,-10000,-9999.99,2019-06-07 03:00:00,TP05
635,6-Acetylmorphine,0.91,15.26,(6) Sat,0.0,0.0,(06) Jun,0,1.42,2019-06-08 03:00:00,TP05
636,6-Acetylmorphine,0.15,0.53,(7) Sun,0.0,0.0,(06) Jun,0,0.05,2019-06-09 03:00:00,TP05
637,Oxycodone,1.42,71.89,(1) Mon,0.0,0.05,(07) Jul,0,18.84,2019-07-08 03:00:00,TP05
638,Oxycodone,4.1,55.08,(2) Tue,0.0,0.04,(07) Jul,1,14.4,2019-07-09 03:00:00,TP05
639,Oxycodone,0.0,105.39,(3) Wed,0.04,0.04,(07) Jul,14,13.85,2019-07-10 03:00:00,TP05
640,Oxycodone,2.0,75.5,(4) Thu,0.0,0.06,(07) Jul,1,20.26,2019-07-11 03:00:00,TP05
641,Oxycodone,1.24,103.55,(5) Fri,0.0,0.07,(07) Jul,0,24.84,2019-07-12 03:00:00,TP05
642,Oxycodone,1.16,37.2,(6) Sat,0.0,0.02,(07) Jul,0,5.73,2019-07-13 03:00:00,TP05
643,Oxycodone,0.08,21.07,(7) Sun,0.0,0.01,(07) Jul,0,3.35,2019-07-14 03:00:00,TP05
644,Noroxycodone,5.78,76.94,(1) Mon,0.0,0.06,(07) Jul,2,20.16,2019-07-08 03:00:00,TP05
645,Noroxycodone,-9999.99,-9999.99,(2) Tue,-9999.99,-9999.99,(07) Jul,-10000,-9999.99,2019-07-09 03:00:00,TP05
646,Noroxycodone,-9999.99,-9999.99,(3) Wed,-9999.99,-9999.99,(07) Jul,-10000,-9999.99,2019-07-10 03:00:00,TP05
647,Noroxycodone,-9999.99,-9999.99,(4) Thu,-9999.99,-9999.99,(07) Jul,-10000,-9999.99,2019-07-11 03:00:00,TP05
648,Noroxycodone,1.84,73.89,(5) Fri,0.0,0.05,(07) Jul,0,17.73,2019-07-12 03:00:00,TP05
649,Noroxycodone,0.54,38.38,(6) Sat,0.0,0.02,(07) Jul,0,5.91,2019-07-13 03:00:00,TP05
650,Noroxycodone,-9999.99,-9999.99,(7) Sun,-9999.99,-9999.99,(07) Jul,-10000,-9999.99,2019-07-14 03:00:00,TP05
651,Codeine,0.0,59.98,(1) Mon,0.01,0.05,(07) Jul,2,17.54,2019-07-08 03:00:00,TP05
652,Codeine,5.34,73.58,(2) Tue,0.0,0.05,(07) Jul,1,19.24,2019-07-09 03:00:00,TP05
653,Codeine,-9999.99,-9999.99,(3) Wed,-9999.99,-9999.99,(07) Jul,-10000,-9999.99,2019-07-10 03:00:00,TP05
654,Codeine,5.2,67.96,(4) Thu,0.0,0.05,(07) Jul,1,18.23,2019-07-11 03:00:00,TP05
655,Codeine,85.81,92.74,(5) Fri,0.06,0.06,(07) Jul,21,22.25,2019-07-12 03:00:00,TP05
656,Codeine,5.02,62.71,(6) Sat,0.0,0.03,(07) Jul,1,9.66,2019-07-13 03:00:00,TP05
657,Codeine,19.09,19.09,(7) Sun,0.01,0.01,(07) Jul,3,3.04,2019-07-14 03:00:00,TP05
658,Fentanyl,0.03,1.44,(1) Mon,0.0,0.0,(07) Jul,0,0.38,2019-07-08 03:00:00,TP05
659,Fentanyl,0.07,0.98,(2) Tue,0.0,0.0,(07) Jul,0,0.26,2019-07-09 03:00:00,TP05
660,Fentanyl,0.02,1.33,(3) Wed,0.0,0.0,(07) Jul,0,0.35,2019-07-10 03:00:00,TP05
661,Fentanyl,0.05,1.12,(4) Thu,0.0,0.0,(07) Jul,0,0.3,2019-07-11 03:00:00,TP05
662,Fentanyl,0.05,1.11,(5) Fri,0.0,0.0,(07) Jul,0,0.27,2019-07-12 03:00:00,TP05
663,Fentanyl,0.08,0.97,(6) Sat,0.0,0.0,(07) Jul,0,0.15,2019-07-13 03:00:00,TP05
664,Fentanyl,0.08,0.81,(7) Sun,0.0,0.0,(07) Jul,0,0.13,2019-07-14 03:00:00,TP05
665,Norfentanyl,0.93,22.73,(1) Mon,0.0,0.02,(07) Jul,0,5.96,2019-07-08 03:00:00,TP05
666,Norfentanyl,0.34,13.46,(2) Tue,0.0,0.01,(07) Jul,0,3.52,2019-07-09 03:00:00,TP05
667,Norfentanyl,0.09,20.51,(3) Wed,0.0,0.02,(07) Jul,0,5.39,2019-07-10 03:00:00,TP05
668,Norfentanyl,1.07,12.5,(4) Thu,0.0,0.01,(07) Jul,0,3.35,2019-07-11 03:00:00,TP05
669,Norfentanyl,0.88,14.14,(5) Fri,0.0,0.01,(07) Jul,0,3.39,2019-07-12 03:00:00,TP05
670,Norfentanyl,0.05,4.85,(6) Sat,0.0,0.0,(07) Jul,0,0.75,2019-07-13 03:00:00,TP05
671,Norfentanyl,0.42,7.03,(7) Sun,0.0,0.0,(07) Jul,0,1.12,2019-07-14 03:00:00,TP05
672,Heroin,-9999.99,-9999.99,(1) Mon,-9999.99,-9999.99,(07) Jul,-10000,-9999.99,2019-07-08 03:00:00,TP05
673,Heroin,-9999.99,-9999.99,(2) Tue,-9999.99,-9999.99,(07) Jul,-10000,-9999.99,2019-07-09 03:00:00,TP05
674,Heroin,-9999.99,-9999.99,(3) Wed,-9999.99,-9999.99,(07) Jul,-10000,-9999.99,2019-07-10 03:00:00,TP05
675,Heroin,-9999.99,-9999.99,(4) Thu,-9999.99,-9999.99,(07) Jul,-10000,-9999.99,2019-07-11 03:00:00,TP05
676,Heroin,-9999.99,-9999.99,(5) Fri,-9999.99,-9999.99,(07) Jul,-10000,-9999.99,2019-07-12 03:00:00,TP05
677,Heroin,-9999.99,-9999.99,(6) Sat,-9999.99,-9999.99,(07) Jul,-10000,-9999.99,2019-07-13 03:00:00,TP05
678,Heroin,-9999.99,-9999.99,(7) Sun,-9999.99,-9999.99,(07) Jul,-10000,-9999.99,2019-07-14 03:00:00,TP05
679,6-Acetylmorphine,-9999.99,-9999.99,(1) Mon,-9999.99,-9999.99,(07) Jul,-10000,-9999.99,2019-07-08 03:00:00,TP05
680,6-Acetylmorphine,-9999.99,-9999.99,(2) Tue,-9999.99,-9999.99,(07) Jul,-10000,-9999.99,2019-07-09 03:00:00,TP05
681,6-Acetylmorphine,-9999.99,-9999.99,(3) Wed,-9999.99,-9999.99,(07) Jul,-10000,-9999.99,2019-07-10 03:00:00,TP05
682,6-Acetylmorphine,-9999.99,-9999.99,(4) Thu,-9999.99,-9999.99,(07) Jul,-10000,-9999.99,2019-07-11 03:00:00,TP05
683,6-Acetylmorphine,-9999.99,-9999.99,(5) Fri,-9999.99,-9999.99,(07) Jul,-10000,-9999.99,2019-07-12 03:00:00,TP05
684,6-Acetylmorphine,-9999.99,-9999.99,(6) Sat,-9999.99,-9999.99,(07) Jul,-10000,-9999.99,2019-07-13 03:00:00,TP05
685,6-Acetylmorphine,-9999.99,-9999.99,(7) Sun,-9999.99,-9999.99,(07) Jul,-10000,-9999.99,2019-07-14 03:00:00,TP05
686,Oxycodone,4.49,59.98,(1) Mon,0.0,0.03,(08) Aug,1,11.57,2019-08-19 03:00:00,TP05
687,Oxycodone,6.37,145.39,(2) Tue,0.01,0.14,(08) Aug,2,49.51,2019-08-20 03:00:00,TP05
688,Oxycodone,0.8,65.97,(3) Wed,0.0,0.06,(08) Aug,0,22.32,2019-08-21 03:00:00,TP05
689,Oxycodone,2.69,83.35,(4) Thu,0.0,0.08,(08) Aug,1,27.03,2019-08-22 03:00:00,TP05
690,Oxycodone,9999.99,9999.99,(5) Fri,9999.99,9999.99,(08) Aug,10000,9999.99,2019-08-23 03:00:00,TP05
691,Oxycodone,0.07,14.46,(6) Sat,0.0,0.01,(08) Aug,0,4.54,2019-08-24 03:00:00,TP05
692,Oxycodone,0.0,41.14,(7) Sun,0.0,0.02,(08) Aug,0,8.81,2019-08-25 03:00:00,TP05
693,Noroxycodone,5.9,77.07,(1) Mon,0.0,0.04,(08) Aug,1,14.87,2019-08-19 03:00:00,TP05
694,Noroxycodone,0.21,112.35,(2) Tue,0.0,0.11,(08) Aug,0,38.26,2019-08-20 03:00:00,TP05
695,Noroxycodone,1.81,90.23,(3) Wed,0.0,0.09,(08) Aug,1,30.52,2019-08-21 03:00:00,TP05
696,Noroxycodone,0.32,102.47,(4) Thu,0.0,0.09,(08) Aug,0,33.24,2019-08-22 03:00:00,TP05
697,Noroxycodone,9999.99,9999.99,(5) Fri,9999.99,9999.99,(08) Aug,10000,9999.99,2019-08-23 03:00:00,TP05
698,Noroxycodone,-9999.99,-9999.99,(6) Sat,-9999.99,-9999.99,(08) Aug,-10000,-9999.99,2019-08-24 03:00:00,TP05
699,Noroxycodone,0.0,23.12,(7) Sun,0.0,0.01,(08) Aug,0,4.95,2019-08-25 03:00:00,TP05
700,Codeine,11.17,131.02,(1) Mon,0.01,0.07,(08) Aug,2,25.28,2019-08-19 03:00:00,TP05
701,Codeine,18.37,216.92,(2) Tue,0.02,0.21,(08) Aug,6,73.86,2019-08-20 03:00:00,TP05
702,Codeine,8.77,192.19,(3) Wed,0.01,0.18,(08) Aug,3,65.02,2019-08-21 03:00:00,TP05
703,Codeine,0.11,135.74,(4) Thu,0.0,0.12,(08) Aug,0,44.03,2019-08-22 03:00:00,TP05
704,Codeine,9999.99,9999.99,(5) Fri,9999.99,9999.99,(08) Aug,10000,9999.99,2019-08-23 03:00:00,TP05
705,Codeine,-9999.99,-9999.99,(6) Sat,-9999.99,-9999.99,(08) Aug,-10000,-9999.99,2019-08-24 03:00:00,TP05
706,Codeine,0.0,59.1,(7) Sun,0.0,0.04,(08) Aug,0,12.65,2019-08-25 03:00:00,TP05
707,Fentanyl,0.08,2.35,(1) Mon,0.0,0.0,(08) Aug,0,0.45,2019-08-19 03:00:00,TP05
708,Fentanyl,0.1,0.96,(2) Tue,0.0,0.0,(08) Aug,0,0.33,2019-08-20 03:00:00,TP05
709,Fentanyl,0.13,1.18,(3) Wed,0.0,0.0,(08) Aug,0,0.4,2019-08-21 03:00:00,TP05
710,Fentanyl,0.08,0.96,(4) Thu,0.0,0.0,(08) Aug,0,0.31,2019-08-22 03:00:00,TP05
711,Fentanyl,9999.99,9999.99,(5) Fri,9999.99,9999.99,(08) Aug,10000,9999.99,2019-08-23 03:00:00,TP05
712,Fentanyl,-9999.99,-9999.99,(6) Sat,-9999.99,-9999.99,(08) Aug,-10000,-9999.99,2019-08-24 03:00:00,TP05
713,Fentanyl,0.0,1.44,(7) Sun,0.0,0.0,(08) Aug,0,0.15,2019-08-25 03:00:00,TP05
714,Norfentanyl,0.85,19.15,(1) Mon,0.0,0.01,(08) Aug,0,3.7,2019-08-19 03:00:00,TP05
715,Norfentanyl,0.31,10.65,(2) Tue,0.0,0.01,(08) Aug,0,3.63,2019-08-20 03:00:00,TP05
716,Norfentanyl,0.09,17.12,(3) Wed,0.0,0.02,(08) Aug,0,5.79,2019-08-21 03:00:00,TP05
717,Norfentanyl,0.99,9.77,(4) Thu,0.0,0.01,(08) Aug,0,3.17,2019-08-22 03:00:00,TP05
718,Norfentanyl,9999.99,9999.99,(5) Fri,9999.99,9999.99,(08) Aug,10000,9999.99,2019-08-23 03:00:00,TP05
719,Norfentanyl,0.04,2.75,(6) Sat,0.0,0.0,(08) Aug,0,0.86,2019-08-24 03:00:00,TP05
720,Norfentanyl,0.38,4.75,(7) Sun,0.0,0.0,(08) Aug,0,1.02,2019-08-25 03:00:00,TP05
721,Heroin,-9999.99,-9999.99,(1) Mon,-9999.99,-9999.99,(08) Aug,-10000,-9999.99,2019-08-19 03:00:00,TP05
722,Heroin,-9999.99,-9999.99,(2) Tue,-9999.99,-9999.99,(08) Aug,-10000,-9999.99,2019-08-20 03:00:00,TP05
723,Heroin,-9999.99,-9999.99,(3) Wed,-9999.99,-9999.99,(08) Aug,-10000,-9999.99,2019-08-21 03:00:00,TP05
724,Heroin,-9999.99,-9999.99,(4) Thu,-9999.99,-9999.99,(08) Aug,-10000,-9999.99,2019-08-22 03:00:00,TP05
725,Heroin,9999.99,9999.99,(5) Fri,9999.99,9999.99,(08) Aug,10000,9999.99,2019-08-23 03:00:00,TP05
726,Heroin,-9999.99,-9999.99,(6) Sat,-9999.99,-9999.99,(08) Aug,-10000,-9999.99,2019-08-24 03:00:00,TP05
727,Heroin,-9999.99,-9999.99,(7) Sun,-9999.99,-9999.99,(08) Aug,-10000,-9999.99,2019-08-25 03:00:00,TP05
728,6-Acetylmorphine,0.06,3.5,(1) Mon,0.0,0.0,(08) Aug,0,0.68,2019-08-19 03:00:00,TP05
729,6-Acetylmorphine,0.22,3.95,(2) Tue,0.0,0.0,(08) Aug,0,1.35,2019-08-20 03:00:00,TP05
730,6-Acetylmorphine,0.16,3.44,(3) Wed,0.0,0.0,(08) Aug,0,1.16,2019-08-21 03:00:00,TP05
731,6-Acetylmorphine,0.17,3.57,(4) Thu,0.0,0.0,(08) Aug,0,1.16,2019-08-22 03:00:00,TP05
732,6-Acetylmorphine,9999.99,9999.99,(5) Fri,9999.99,9999.99,(08) Aug,10000,9999.99,2019-08-23 03:00:00,TP05
733,6-Acetylmorphine,-9999.99,-9999.99,(6) Sat,-9999.99,-9999.99,(08) Aug,-10000,-9999.99,2019-08-24 03:00:00,TP05
734,6-Acetylmorphine,1.72,1.72,(7) Sun,0.0,0.0,(08) Aug,0,0.73,2019-08-25 03:00:00,TP05
735,Oxycodone,2.39,58.38,(1) Mon,0.0,0.05,(09) Sep,1,19.13,2019-09-09 03:00:00,TP05
736,Oxycodone,2.47,144.01,(2) Tue,0.0,0.12,(09) Sep,1,43.5,2019-09-10 03:00:00,TP05
737,Oxycodone,3.1,77.24,(3) Wed,0.0,0.07,(09) Sep,1,23.34,2019-09-11 03:00:00,TP05
738,Oxycodone,0.06,93.11,(4) Thu,0.0,0.07,(09) Sep,0,26.6,2019-09-12 03:00:00,TP05
739,Oxycodone,4.54,173.84,(5) Fri,0.0,0.13,(09) Sep,1,46.39,2019-09-13 03:00:00,TP05
740,Oxycodone,4.52,48.38,(6) Sat,0.0,0.02,(09) Sep,1,8.47,2019-09-14 03:00:00,TP05
741,Oxycodone,4.58,46.18,(7) Sun,0.0,0.02,(09) Sep,1,7.47,2019-09-15 03:00:00,TP05
742,Noroxycodone,1.39,28.06,(1) Mon,0.0,0.03,(09) Sep,0,9.2,2019-09-09 03:00:00,TP05
743,Noroxycodone,1.65,63.82,(2) Tue,0.0,0.05,(09) Sep,0,19.28,2019-09-10 03:00:00,TP05
744,Noroxycodone,0.73,45.22,(3) Wed,0.0,0.04,(09) Sep,0,13.66,2019-09-11 03:00:00,TP05
745,Noroxycodone,1.85,36.31,(4) Thu,0.0,0.03,(09) Sep,1,10.37,2019-09-12 03:00:00,TP05
746,Noroxycodone,1.85,43.57,(5) Fri,0.0,0.03,(09) Sep,0,11.63,2019-09-13 03:00:00,TP05
747,Noroxycodone,0.26,22.46,(6) Sat,0.0,0.01,(09) Sep,0,3.93,2019-09-14 03:00:00,TP05
748,Noroxycodone,0.92,31.96,(7) Sun,0.0,0.01,(09) Sep,0,5.17,2019-09-15 03:00:00,TP05
749,Codeine,-9999.99,-9999.99,(1) Mon,-9999.99,-9999.99,(09) Sep,-10000,-9999.99,2019-09-09 03:00:00,TP05
750,Codeine,-9999.99,-9999.99,(2) Tue,-9999.99,-9999.99,(09) Sep,-10000,-9999.99,2019-09-10 03:00:00,TP05
751,Codeine,12.1,146.31,(3) Wed,0.01,0.12,(09) Sep,4,44.2,2019-09-11 03:00:00,TP05
752,Codeine,-9999.99,-9999.99,(4) Thu,-9999.99,-9999.99,(09) Sep,-10000,-9999.99,2019-09-12 03:00:00,TP05
753,Codeine,-9999.99,-9999.99,(5) Fri,-9999.99,-9999.99,(09) Sep,-10000,-9999.99,2019-09-13 03:00:00,TP05
754,Codeine,6.95,58.01,(6) Sat,0.0,0.03,(09) Sep,1,10.16,2019-09-14 03:00:00,TP05
755,Codeine,4.19,78.92,(7) Sun,0.0,0.04,(09) Sep,1,12.76,2019-09-15 03:00:00,TP05
756,Fentanyl,0.25,4.12,(1) Mon,0.0,0.0,(09) Sep,0,1.35,2019-09-09 03:00:00,TP05
757,Fentanyl,0.18,3.65,(2) Tue,0.0,0.0,(09) Sep,0,1.1,2019-09-10 03:00:00,TP05
758,Fentanyl,0.01,2.24,(3) Wed,0.0,0.0,(09) Sep,0,0.68,2019-09-11 03:00:00,TP05
759,Fentanyl,0.06,1.74,(4) Thu,0.0,0.0,(09) Sep,0,0.5,2019-09-12 03:00:00,TP05
760,Fentanyl,0.08,2.81,(5) Fri,0.0,0.0,(09) Sep,0,0.75,2019-09-13 03:00:00,TP05
761,Fentanyl,0.08,0.64,(6) Sat,0.0,0.0,(09) Sep,0,0.11,2019-09-14 03:00:00,TP05
762,Fentanyl,-9999.99,-9999.99,(7) Sun,-9999.99,-9999.99,(09) Sep,-10000,-9999.99,2019-09-15 03:00:00,TP05
763,Norfentanyl,1.31,17.53,(1) Mon,0.0,0.02,(09) Sep,0,5.75,2019-09-09 03:00:00,TP05
764,Norfentanyl,0.2,17.45,(2) Tue,0.0,0.01,(09) Sep,0,5.27,2019-09-10 03:00:00,TP05
765,Norfentanyl,0.91,16.18,(3) Wed,0.0,0.01,(09) Sep,0,4.89,2019-09-11 03:00:00,TP05
766,Norfentanyl,0.83,12.74,(4) Thu,0.0,0.01,(09) Sep,0,3.64,2019-09-12 03:00:00,TP05
767,Norfentanyl,0.19,10.14,(5) Fri,0.0,0.01,(09) Sep,0,2.71,2019-09-13 03:00:00,TP05
768,Norfentanyl,0.01,4.51,(6) Sat,0.0,0.0,(09) Sep,0,0.79,2019-09-14 03:00:00,TP05
769,Norfentanyl,0.06,1.54,(7) Sun,0.0,0.0,(09) Sep,0,0.25,2019-09-15 03:00:00,TP05
770,Heroin,-9999.99,-9999.99,(1) Mon,-9999.99,-9999.99,(09) Sep,-10000,-9999.99,2019-09-09 03:00:00,TP05
771,Heroin,0.74,7.51,(2) Tue,0.0,0.01,(09) Sep,0,2.27,2019-09-10 03:00:00,TP05
772,Heroin,-9999.99,-9999.99,(3) Wed,-9999.99,-9999.99,(09) Sep,-10000,-9999.99,2019-09-11 03:00:00,TP05
773,Heroin,-9999.99,-9999.99,(4) Thu,-9999.99,-9999.99,(09) Sep,-10000,-9999.99,2019-09-12 03:00:00,TP05
774,Heroin,1.37,11.98,(5) Fri,0.0,0.01,(09) Sep,0,3.2,2019-09-13 03:00:00,TP05
775,Heroin,0.17,5.53,(6) Sat,0.0,0.0,(09) Sep,0,0.97,2019-09-14 03:00:00,TP05
776,Heroin,-9999.99,-9999.99,(7) Sun,-9999.99,-9999.99,(09) Sep,-10000,-9999.99,2019-09-15 03:00:00,TP05
777,6-Acetylmorphine,0.78,10.59,(1) Mon,0.0,0.01,(09) Sep,0,3.47,2019-09-09 03:00:00,TP05
778,6-Acetylmorphine,1.6,12.26,(2) Tue,0.0,0.01,(09) Sep,0,3.7,2019-09-10 03:00:00,TP05
779,6-Acetylmorphine,0.3,6.51,(3) Wed,0.0,0.01,(09) Sep,0,1.97,2019-09-11 03:00:00,TP05
780,6-Acetylmorphine,0.25,6.65,(4) Thu,0.0,0.01,(09) Sep,0,1.9,2019-09-12 03:00:00,TP05
781,6-Acetylmorphine,0.8,43.08,(5) Fri,0.0,0.03,(09) Sep,0,11.5,2019-09-13 03:00:00,TP05
782,6-Acetylmorphine,0.37,7.54,(6) Sat,0.0,0.0,(09) Sep,0,1.32,2019-09-14 03:00:00,TP05
783,6-Acetylmorphine,0.12,2.49,(7) Sun,0.0,0.0,(09) Sep,0,0.4,2019-09-15 03:00:00,TP05
